[INFO] Scanning for projects...
[INFO] ------------------------------------------------------------------------
[INFO] Detecting the operating system and CPU architecture
[INFO] ------------------------------------------------------------------------
[INFO] os.detected.name: linux
[INFO] os.detected.arch: x86_64
[INFO] os.detected.bitness: 64
[INFO] os.detected.version: 6.8
[INFO] os.detected.version.major: 6
[INFO] os.detected.version.minor: 8
[INFO] os.detected.release: ubuntu
[INFO] os.detected.release.version: 24.04
[INFO] os.detected.release.like.ubuntu: true
[INFO] os.detected.release.like.debian: true
[INFO] os.detected.classifier: linux-x86_64
[INFO]
[INFO] --------------------------< dev.akre:protege >--------------------------
[INFO] Building Protege 0.0.1-SNAPSHOT
[INFO]   from pom.xml
[INFO] --------------------------------[ jar ]---------------------------------
[INFO]
[INFO] --- clean:3.2.0:clean (default-clean) @ protege ---
[INFO] Deleting /app/target
[INFO]
[INFO] --- antlr4:4.13.2:antlr4 (default) @ protege ---
[INFO] ANTLR 4: Processing source directory /app/src/main/antlr4
[INFO] Processing grammar: dev/akre/protege/Protobuf.g4
[INFO]
[INFO] --- templating:3.0.0:filter-sources (filter-src) @ protege ---
[INFO] Copying files with filtering to temporary directory.
[INFO] Copying 1 resource from src/main/java-templates to target/templates-tmp3430681449
[INFO] Copied 1 files to output directory: /app/target/generated-sources/java-templates
[INFO] Source directory: /app/target/generated-sources/java-templates added.
[INFO]
[INFO] --- resources:3.3.1:resources (default-resources) @ protege ---
[INFO] skip non existing resourceDirectory /app/src/main/resources
[INFO]
[INFO] --- compiler:3.13.0:compile (default-compile) @ protege ---
[INFO] Recompiling the module because of changed source code.
[INFO] Compiling 37 source files with javac [debug target 21] to target/classes
[INFO] /app/src/main/java/dev/akre/protege/compiler/MessageMethods.java: /app/src/main/java/dev/akre/protege/compiler/MessageMethods.java uses or overrides a deprecated API.
[INFO] /app/src/main/java/dev/akre/protege/compiler/MessageMethods.java: Recompile with -Xlint:deprecation for details.
[INFO]
[INFO] --- protobuf:0.6.1:test-compile (default) @ protege ---
[INFO] Compiling 21 proto file(s) to /app/target/generated-test-sources/protobuf/java
[INFO]
[INFO] --- protobuf:0.6.1:test-compile-custom (default) @ protege ---
[INFO] Compiling 21 proto file(s) to /app/target/generated-test-sources/protobuf/grpc-java
[INFO]
[INFO] --- resources:3.3.1:testResources (default-testResources) @ protege ---
[INFO] skip non existing resourceDirectory /app/src/test/resources
[INFO] Copying 21 resources from src/test/proto to target/test-classes
[INFO] Copying 21 resources from src/test/proto to target/test-classes
[INFO]
[INFO] --- compiler:3.13.0:testCompile (default-testCompile) @ protege ---
[INFO] Recompiling the module because of changed dependency.
[INFO] Compiling 62 source files with javac [debug target 21] to target/test-classes
[INFO] /app/src/test/java/dev/akre/protege/testutil/DescriptorAssert.java: Some input files use unchecked or unsafe operations.
[INFO] /app/src/test/java/dev/akre/protege/testutil/DescriptorAssert.java: Recompile with -Xlint:unchecked for details.
[INFO]
[INFO] --- surefire:3.2.5:test (default-test) @ protege ---
[INFO] Tests are skipped.
[INFO]
[INFO] --- jar:3.4.1:jar (default-jar) @ protege ---
[INFO] Building jar: /app/target/protege-0.0.1-SNAPSHOT.jar
[INFO]
[INFO] --- invoker:3.6.0:install (integration-test) @ protege ---
[INFO] Installing /app/target/protege-0.0.1-SNAPSHOT.jar to /app/target/local-repo/dev/akre/protege/0.0.1-SNAPSHOT/protege-0.0.1-SNAPSHOT.jar
[INFO] Installing /app/pom.xml to /app/target/local-repo/dev/akre/protege/0.0.1-SNAPSHOT/protege-0.0.1-SNAPSHOT.pom
[INFO] Installing /home/jules/.m2/repository/com/palantir/javapoet/javapoet/0.10.0/javapoet-0.10.0.jar to /app/target/local-repo/com/palantir/javapoet/javapoet/0.10.0/javapoet-0.10.0.jar
[INFO] Installing /home/jules/.m2/repository/com/palantir/javapoet/javapoet/0.10.0/javapoet-0.10.0.pom to /app/target/local-repo/com/palantir/javapoet/javapoet/0.10.0/javapoet-0.10.0.pom
[INFO] Installing /home/jules/.m2/repository/com/google/protobuf/protobuf-java/4.28.2/protobuf-java-4.28.2.jar to /app/target/local-repo/com/google/protobuf/protobuf-java/4.28.2/protobuf-java-4.28.2.jar
[INFO] Installing /home/jules/.m2/repository/com/google/protobuf/protobuf-java/4.28.2/protobuf-java-4.28.2.pom to /app/target/local-repo/com/google/protobuf/protobuf-java/4.28.2/protobuf-java-4.28.2.pom
[INFO] Installing /home/jules/.m2/repository/javax/annotation/javax.annotation-api/1.3.2/javax.annotation-api-1.3.2.jar to /app/target/local-repo/javax/annotation/javax.annotation-api/1.3.2/javax.annotation-api-1.3.2.jar
[INFO] Installing /home/jules/.m2/repository/javax/annotation/javax.annotation-api/1.3.2/javax.annotation-api-1.3.2.pom to /app/target/local-repo/javax/annotation/javax.annotation-api/1.3.2/javax.annotation-api-1.3.2.pom
[INFO] Installing /home/jules/.m2/repository/org/antlr/antlr4-runtime/4.13.2/antlr4-runtime-4.13.2.jar to /app/target/local-repo/org/antlr/antlr4-runtime/4.13.2/antlr4-runtime-4.13.2.jar
[INFO] Installing /home/jules/.m2/repository/org/antlr/antlr4-runtime/4.13.2/antlr4-runtime-4.13.2.pom to /app/target/local-repo/org/antlr/antlr4-runtime/4.13.2/antlr4-runtime-4.13.2.pom
[INFO] Installing /home/jules/.m2/repository/com/google/protobuf/protobuf-parent/4.28.2/protobuf-parent-4.28.2.pom to /app/target/local-repo/com/google/protobuf/protobuf-parent/4.28.2/protobuf-parent-4.28.2.pom
[INFO] Installing /home/jules/.m2/repository/net/java/jvnet-parent/3/jvnet-parent-3.pom to /app/target/local-repo/net/java/jvnet-parent/3/jvnet-parent-3.pom
[INFO] Installing /home/jules/.m2/repository/org/sonatype/oss/oss-parent/9/oss-parent-9.pom to /app/target/local-repo/org/sonatype/oss/oss-parent/9/oss-parent-9.pom
[INFO] Installing /home/jules/.m2/repository/org/antlr/antlr4-master/4.13.2/antlr4-master-4.13.2.pom to /app/target/local-repo/org/antlr/antlr4-master/4.13.2/antlr4-master-4.13.2.pom
[INFO]
[INFO] --- invoker:3.6.0:run (integration-test) @ protege ---
[INFO] Building: hibernate-test/pom.xml
[INFO]           hibernate-test/pom.xml ........................... SUCCESS (15.74 s)
[INFO] Building: enhanced-oneof-test/pom.xml
[INFO]           enhanced-oneof-test/pom.xml ...................... SUCCESS (6.112 s)
[INFO] Building: jackson-test/pom.xml
[INFO]   The build exited with code 1. See /app/target/it/jackson-test/build.log for details.
[INFO]           jackson-test/pom.xml ............................. FAILED (6.245 s)
[INFO] Building: grpc-service-test/pom.xml
[INFO]           grpc-service-test/pom.xml ........................ SUCCESS (10.51 s)
[INFO] Building: compile-test/pom.xml
[INFO]           compile-test/pom.xml ............................. SUCCESS (11.49 s)
[ERROR] -------------------------------------------------
[ERROR]

*** begin build.log for: jackson-test/pom.xml ***
Apache Maven 3.9.12 (848fbb4bf2d427b72bdb2471c22fced7ebd9a7a1)
Maven home: /usr/share/apache-maven-3.9.12
Java version: 21.0.9, vendor: Ubuntu, runtime: /usr/lib/jvm/java-21-openjdk-amd64
Default locale: en, platform encoding: UTF-8
OS name: "linux", version: "6.8.0", arch: "amd64", family: "unix"
[DEBUG] Created new class realm maven.api
[DEBUG] Importing foreign packages into class realm maven.api
[DEBUG]   Imported: javax.annotation.* < plexus.core
[DEBUG]   Imported: javax.annotation.security.* < plexus.core
[DEBUG]   Imported: javax.inject.* < plexus.core
[DEBUG]   Imported: org.apache.maven.* < plexus.core
[DEBUG]   Imported: org.apache.maven.artifact < plexus.core
[DEBUG]   Imported: org.apache.maven.classrealm < plexus.core
[DEBUG]   Imported: org.apache.maven.cli < plexus.core
[DEBUG]   Imported: org.apache.maven.configuration < plexus.core
[DEBUG]   Imported: org.apache.maven.exception < plexus.core
[DEBUG]   Imported: org.apache.maven.execution < plexus.core
[DEBUG]   Imported: org.apache.maven.execution.scope < plexus.core
[DEBUG]   Imported: org.apache.maven.graph < plexus.core
[DEBUG]   Imported: org.apache.maven.lifecycle < plexus.core
[DEBUG]   Imported: org.apache.maven.model < plexus.core
[DEBUG]   Imported: org.apache.maven.monitor < plexus.core
[DEBUG]   Imported: org.apache.maven.plugin < plexus.core
[DEBUG]   Imported: org.apache.maven.profiles < plexus.core
[DEBUG]   Imported: org.apache.maven.project < plexus.core
[DEBUG]   Imported: org.apache.maven.reporting < plexus.core
[DEBUG]   Imported: org.apache.maven.repository < plexus.core
[DEBUG]   Imported: org.apache.maven.rtinfo < plexus.core
[DEBUG]   Imported: org.apache.maven.settings < plexus.core
[DEBUG]   Imported: org.apache.maven.toolchain < plexus.core
[DEBUG]   Imported: org.apache.maven.usability < plexus.core
[DEBUG]   Imported: org.apache.maven.wagon.* < plexus.core
[DEBUG]   Imported: org.apache.maven.wagon.authentication < plexus.core
[DEBUG]   Imported: org.apache.maven.wagon.authorization < plexus.core
[DEBUG]   Imported: org.apache.maven.wagon.events < plexus.core
[DEBUG]   Imported: org.apache.maven.wagon.observers < plexus.core
[DEBUG]   Imported: org.apache.maven.wagon.proxy < plexus.core
[DEBUG]   Imported: org.apache.maven.wagon.repository < plexus.core
[DEBUG]   Imported: org.apache.maven.wagon.resource < plexus.core
[DEBUG]   Imported: org.codehaus.classworlds < plexus.core
[DEBUG]   Imported: org.codehaus.plexus.* < plexus.core
[DEBUG]   Imported: org.codehaus.plexus.classworlds < plexus.core
[DEBUG]   Imported: org.codehaus.plexus.component < plexus.core
[DEBUG]   Imported: org.codehaus.plexus.configuration < plexus.core
[DEBUG]   Imported: org.codehaus.plexus.container < plexus.core
[DEBUG]   Imported: org.codehaus.plexus.context < plexus.core
[DEBUG]   Imported: org.codehaus.plexus.lifecycle < plexus.core
[DEBUG]   Imported: org.codehaus.plexus.logging < plexus.core
[DEBUG]   Imported: org.codehaus.plexus.personality < plexus.core
[DEBUG]   Imported: org.codehaus.plexus.util.xml.Xpp3Dom < plexus.core
[DEBUG]   Imported: org.codehaus.plexus.util.xml.pull.XmlPullParser < plexus.core
[DEBUG]   Imported: org.codehaus.plexus.util.xml.pull.XmlPullParserException < plexus.core
[DEBUG]   Imported: org.codehaus.plexus.util.xml.pull.XmlSerializer < plexus.core
[DEBUG]   Imported: org.eclipse.aether.* < plexus.core
[DEBUG]   Imported: org.eclipse.aether.artifact < plexus.core
[DEBUG]   Imported: org.eclipse.aether.collection < plexus.core
[DEBUG]   Imported: org.eclipse.aether.deployment < plexus.core
[DEBUG]   Imported: org.eclipse.aether.graph < plexus.core
[DEBUG]   Imported: org.eclipse.aether.impl < plexus.core
[DEBUG]   Imported: org.eclipse.aether.installation < plexus.core
[DEBUG]   Imported: org.eclipse.aether.internal.impl < plexus.core
[DEBUG]   Imported: org.eclipse.aether.metadata < plexus.core
[DEBUG]   Imported: org.eclipse.aether.repository < plexus.core
[DEBUG]   Imported: org.eclipse.aether.resolution < plexus.core
[DEBUG]   Imported: org.eclipse.aether.spi < plexus.core
[DEBUG]   Imported: org.eclipse.aether.transfer < plexus.core
[DEBUG]   Imported: org.eclipse.aether.util < plexus.core
[DEBUG]   Imported: org.eclipse.aether.version < plexus.core
[DEBUG]   Imported: org.fusesource.jansi.* < plexus.core
[DEBUG]   Imported: org.slf4j.* < plexus.core
[DEBUG]   Imported: org.slf4j.event.* < plexus.core
[DEBUG]   Imported: org.slf4j.helpers.* < plexus.core
[DEBUG]   Imported: org.slf4j.spi.* < plexus.core
[DEBUG] Populating class realm maven.api
[DEBUG] Created adapter factory; available factories [file-lock, rwlock-local, semaphore-local, noop]; available name mappers [discriminating, file-gaecv, file-gav, file-hgaecv, file-hgav, file-static, gaecv, gav, static]
[INFO] Error stacktraces are turned on.
[DEBUG] Message scheme: plain
[DEBUG] Reading global settings from /usr/share/apache-maven-3.9.12/conf/settings.xml
[DEBUG] Reading user settings from /app/target/it/interpolated-settings.xml
[DEBUG] Reading global toolchains from /usr/share/apache-maven-3.9.12/conf/toolchains.xml
[DEBUG] Reading user toolchains from /home/jules/.m2/toolchains.xml
[DEBUG] Using local repository at /app/target/local-repo
[DEBUG] Using manager EnhancedLocalRepositoryManager with priority 10.0 for /app/target/local-repo
[INFO] Scanning for projects...
[DEBUG] Extension realms for project dev.akre.it:jackson-test:jar:0.0.1-SNAPSHOT: (none)
[DEBUG] Looking up lifecycle mappings for packaging jar from ClassRealm[plexus.core, parent: null]
[DEBUG] === REACTOR BUILD PLAN ================================================
[DEBUG] Project: dev.akre.it:jackson-test:jar:0.0.1-SNAPSHOT
[DEBUG] Tasks:   [clean, verify]
[DEBUG] Style:   Regular
[DEBUG] =======================================================================
[INFO]
[INFO] ----------------------< dev.akre.it:jackson-test >----------------------
[INFO] Building jackson-test 0.0.1-SNAPSHOT
[INFO]   from pom.xml
[INFO] --------------------------------[ jar ]---------------------------------
[DEBUG] Lifecycle clean -> [pre-clean, clean, post-clean]
[DEBUG] Lifecycle default -> [validate, initialize, generate-sources, process-sources, generate-resources, process-resources, compile, process-classes, generate-test-sources, process-test-sources, generate-test-resources, process-test-resources, test-compile, process-test-classes, test, prepare-package, package, pre-integration-test, integration-test, post-integration-test, verify, install, deploy]
[DEBUG] Lifecycle site -> [pre-site, site, post-site, site-deploy]
[DEBUG] Lifecycle clean -> [pre-clean, clean, post-clean]
[DEBUG] Lifecycle default -> [validate, initialize, generate-sources, process-sources, generate-resources, process-resources, compile, process-classes, generate-test-sources, process-test-sources, generate-test-resources, process-test-resources, test-compile, process-test-classes, test, prepare-package, package, pre-integration-test, integration-test, post-integration-test, verify, install, deploy]
[DEBUG] Lifecycle site -> [pre-site, site, post-site, site-deploy]
[DEBUG] Creating adapter using nameMapper 'gaecv' and factory 'rwlock-local'
[DEBUG] Lifecycle clean -> [pre-clean, clean, post-clean]
[DEBUG] Lifecycle default -> [validate, initialize, generate-sources, process-sources, generate-resources, process-resources, compile, process-classes, generate-test-sources, process-test-sources, generate-test-resources, process-test-resources, test-compile, process-test-classes, test, prepare-package, package, pre-integration-test, integration-test, post-integration-test, verify, install, deploy]
[DEBUG] Lifecycle site -> [pre-site, site, post-site, site-deploy]
[DEBUG] Lifecycle clean -> [pre-clean, clean, post-clean]
[DEBUG] Lifecycle default -> [validate, initialize, generate-sources, process-sources, generate-resources, process-resources, compile, process-classes, generate-test-sources, process-test-sources, generate-test-resources, process-test-resources, test-compile, process-test-classes, test, prepare-package, package, pre-integration-test, integration-test, post-integration-test, verify, install, deploy]
[DEBUG] Lifecycle site -> [pre-site, site, post-site, site-deploy]
[DEBUG] Lifecycle clean -> [pre-clean, clean, post-clean]
[DEBUG] Lifecycle default -> [validate, initialize, generate-sources, process-sources, generate-resources, process-resources, compile, process-classes, generate-test-sources, process-test-sources, generate-test-resources, process-test-resources, test-compile, process-test-classes, test, prepare-package, package, pre-integration-test, integration-test, post-integration-test, verify, install, deploy]
[DEBUG] Lifecycle site -> [pre-site, site, post-site, site-deploy]
[DEBUG] Lifecycle clean -> [pre-clean, clean, post-clean]
[DEBUG] Lifecycle default -> [validate, initialize, generate-sources, process-sources, generate-resources, process-resources, compile, process-classes, generate-test-sources, process-test-sources, generate-test-resources, process-test-resources, test-compile, process-test-classes, test, prepare-package, package, pre-integration-test, integration-test, post-integration-test, verify, install, deploy]
[DEBUG] Lifecycle site -> [pre-site, site, post-site, site-deploy]
[DEBUG] Lifecycle clean -> [pre-clean, clean, post-clean]
[DEBUG] Lifecycle default -> [validate, initialize, generate-sources, process-sources, generate-resources, process-resources, compile, process-classes, generate-test-sources, process-test-sources, generate-test-resources, process-test-resources, test-compile, process-test-classes, test, prepare-package, package, pre-integration-test, integration-test, post-integration-test, verify, install, deploy]
[DEBUG] Lifecycle site -> [pre-site, site, post-site, site-deploy]
[DEBUG] Lifecycle clean -> [pre-clean, clean, post-clean]
[DEBUG] Lifecycle default -> [validate, initialize, generate-sources, process-sources, generate-resources, process-resources, compile, process-classes, generate-test-sources, process-test-sources, generate-test-resources, process-test-resources, test-compile, process-test-classes, test, prepare-package, package, pre-integration-test, integration-test, post-integration-test, verify, install, deploy]
[DEBUG] Lifecycle site -> [pre-site, site, post-site, site-deploy]
[DEBUG] Lifecycle clean -> [pre-clean, clean, post-clean]
[DEBUG] Lifecycle default -> [validate, initialize, generate-sources, process-sources, generate-resources, process-resources, compile, process-classes, generate-test-sources, process-test-sources, generate-test-resources, process-test-resources, test-compile, process-test-classes, test, prepare-package, package, pre-integration-test, integration-test, post-integration-test, verify, install, deploy]
[DEBUG] Lifecycle site -> [pre-site, site, post-site, site-deploy]
[DEBUG] === PROJECT BUILD PLAN ================================================
[DEBUG] Project:       dev.akre.it:jackson-test:0.0.1-SNAPSHOT
[DEBUG] Dependencies (collect): []
[DEBUG] Dependencies (resolve): [compile, runtime, test]
[DEBUG] Repositories (dependencies): [central (https://repo.maven.apache.org/maven2, default, releases)]
[DEBUG] Repositories (plugins)     : [central (https://repo.maven.apache.org/maven2, default, releases)]
[DEBUG] -----------------------------------------------------------------------
[DEBUG] Goal:          org.apache.maven.plugins:maven-clean-plugin:3.2.0:clean (default-clean)
[DEBUG] Style:         Regular
[DEBUG] Configuration: <?xml version="1.0" encoding="UTF-8"?>
<configuration>
  <directory default-value="${project.build.directory}"/>
  <excludeDefaultDirectories default-value="false">${maven.clean.excludeDefaultDirectories}</excludeDefaultDirectories>
  <failOnError default-value="true">${maven.clean.failOnError}</failOnError>
  <fast default-value="false">${maven.clean.fast}</fast>
  <fastDir>${maven.clean.fastDir}</fastDir>
  <fastMode default-value="background">${maven.clean.fastMode}</fastMode>
  <followSymLinks default-value="false">${maven.clean.followSymLinks}</followSymLinks>
  <outputDirectory default-value="${project.build.outputDirectory}"/>
  <reportDirectory default-value="${project.build.outputDirectory}"/>
  <retryOnError default-value="true">${maven.clean.retryOnError}</retryOnError>
  <session default-value="${session}"/>
  <skip default-value="false">${maven.clean.skip}</skip>
  <testOutputDirectory default-value="${project.build.testOutputDirectory}"/>
  <verbose>${maven.clean.verbose}</verbose>
</configuration>
[DEBUG] -----------------------------------------------------------------------
[DEBUG] Goal:          org.apache.maven.plugins:maven-resources-plugin:3.3.1:resources (default-resources)
[DEBUG] Style:         Regular
[DEBUG] Configuration: <?xml version="1.0" encoding="UTF-8"?>
<configuration>
  <addDefaultExcludes default-value="true"/>
  <buildFilters default-value="${project.build.filters}"/>
  <encoding default-value="${project.build.sourceEncoding}"/>
  <escapeWindowsPaths default-value="true"/>
  <fileNameFiltering default-value="false"/>
  <includeEmptyDirs default-value="false"/>
  <outputDirectory default-value="${project.build.outputDirectory}"/>
  <overwrite default-value="false"/>
  <project default-value="${project}"/>
  <resources default-value="${project.resources}"/>
  <session default-value="${session}"/>
  <skip default-value="false">${maven.resources.skip}</skip>
  <supportMultiLineFiltering default-value="false"/>
  <useBuildFilters default-value="true"/>
  <useDefaultDelimiters default-value="true"/>
</configuration>
[DEBUG] -----------------------------------------------------------------------
[DEBUG] Goal:          org.apache.maven.plugins:maven-compiler-plugin:3.13.0:compile (default-compile)
[DEBUG] Style:         Regular
[DEBUG] Configuration: <?xml version="1.0" encoding="UTF-8"?>
<configuration>
  <annotationProcessorPaths>
    <path>
      <groupId>dev.akre</groupId>
      <artifactId>protege</artifactId>
      <version>0.0.1-SNAPSHOT</version>
    </path>
  </annotationProcessorPaths>
  <annotationProcessorPathsUseDepMgmt default-value="false"/>
  <annotationProcessors>
    <annotationProcessor>dev.akre.protege.ProtoCompilerProcessor</annotationProcessor>
    <annotationProcessor>dev.akre.protege.ProtoAnnotationProcessor</annotationProcessor>
  </annotationProcessors>
  <basedir default-value="${basedir}"/>
  <buildDirectory default-value="${project.build.directory}"/>
  <compilePath default-value="${project.compileClasspathElements}"/>
  <compileSourceRoots default-value="${project.compileSourceRoots}"/>
  <compilerArgs>
    <arg>-AprotoDir=/app/target/it/jackson-test/src/main/proto</arg>
  </compilerArgs>
  <compilerId default-value="javac">${maven.compiler.compilerId}</compilerId>
  <compilerReuseStrategy default-value="${reuseCreated}">${maven.compiler.compilerReuseStrategy}</compilerReuseStrategy>
  <compilerVersion>${maven.compiler.compilerVersion}</compilerVersion>
  <createMissingPackageInfoClass default-value="true">${maven.compiler.createMissingPackageInfoClass}</createMissingPackageInfoClass>
  <debug default-value="true">${maven.compiler.debug}</debug>
  <debugFileName default-value="javac"/>
  <debuglevel>${maven.compiler.debuglevel}</debuglevel>
  <enablePreview default-value="false">${maven.compiler.enablePreview}</enablePreview>
  <encoding default-value="${project.build.sourceEncoding}">${encoding}</encoding>
  <executable>${maven.compiler.executable}</executable>
  <failOnError default-value="true">${maven.compiler.failOnError}</failOnError>
  <failOnWarning default-value="false">${maven.compiler.failOnWarning}</failOnWarning>
  <fileExtensions default-value="class,jar"/>
  <forceJavacCompilerUse default-value="false">${maven.compiler.forceJavacCompilerUse}</forceJavacCompilerUse>
  <forceLegacyJavacApi default-value="false">${maven.compiler.forceLegacyJavacApi}</forceLegacyJavacApi>
  <fork default-value="false">${maven.compiler.fork}</fork>
  <generatedSourcesDirectory default-value="${project.build.directory}/generated-sources/annotations"/>
  <implicit>${maven.compiler.implicit}</implicit>
  <maxmem>${maven.compiler.maxmem}</maxmem>
  <meminitial>${maven.compiler.meminitial}</meminitial>
  <mojoExecution default-value="${mojoExecution}"/>
  <optimize default-value="false">${maven.compiler.optimize}</optimize>
  <outputDirectory default-value="${project.build.outputDirectory}">${maven.compiler.outputDirectory}</outputDirectory>
  <outputTimestamp default-value="${project.build.outputTimestamp}"/>
  <parameters default-value="false">${maven.compiler.parameters}</parameters>
  <proc>${maven.compiler.proc}</proc>
  <project default-value="${project}"/>
  <projectArtifact default-value="${project.artifact}"/>
  <release>${maven.compiler.release}</release>
  <session default-value="${session}"/>
  <showCompilationChanges default-value="false">${maven.compiler.showCompilationChanges}</showCompilationChanges>
  <showDeprecation default-value="false">${maven.compiler.showDeprecation}</showDeprecation>
  <showWarnings default-value="true">${maven.compiler.showWarnings}</showWarnings>
  <skipMain>${maven.main.skip}</skipMain>
  <skipMultiThreadWarning default-value="false">${maven.compiler.skipMultiThreadWarning}</skipMultiThreadWarning>
  <source default-value="1.8">${maven.compiler.source}</source>
  <staleMillis default-value="0">${lastModGranularityMs}</staleMillis>
  <target default-value="1.8">${maven.compiler.target}</target>
  <useIncrementalCompilation default-value="true">${maven.compiler.useIncrementalCompilation}</useIncrementalCompilation>
  <verbose default-value="false">${maven.compiler.verbose}</verbose>
</configuration>
[DEBUG] -----------------------------------------------------------------------
[DEBUG] Goal:          org.apache.maven.plugins:maven-resources-plugin:3.3.1:testResources (default-testResources)
[DEBUG] Style:         Regular
[DEBUG] Configuration: <?xml version="1.0" encoding="UTF-8"?>
<configuration>
  <addDefaultExcludes default-value="true"/>
  <buildFilters default-value="${project.build.filters}"/>
  <encoding default-value="${project.build.sourceEncoding}"/>
  <escapeWindowsPaths default-value="true"/>
  <fileNameFiltering default-value="false"/>
  <includeEmptyDirs default-value="false"/>
  <outputDirectory default-value="${project.build.testOutputDirectory}"/>
  <overwrite default-value="false"/>
  <project default-value="${project}"/>
  <resources default-value="${project.testResources}"/>
  <session default-value="${session}"/>
  <skip default-value="false">${maven.test.skip}</skip>
  <supportMultiLineFiltering default-value="false"/>
  <useBuildFilters default-value="true"/>
  <useDefaultDelimiters default-value="true"/>
</configuration>
[DEBUG] -----------------------------------------------------------------------
[DEBUG] Goal:          org.apache.maven.plugins:maven-compiler-plugin:3.13.0:testCompile (default-testCompile)
[DEBUG] Style:         Regular
[DEBUG] Configuration: <?xml version="1.0" encoding="UTF-8"?>
<configuration>
  <annotationProcessorPaths>
    <path>
      <groupId>dev.akre</groupId>
      <artifactId>protege</artifactId>
      <version>0.0.1-SNAPSHOT</version>
    </path>
  </annotationProcessorPaths>
  <annotationProcessorPathsUseDepMgmt default-value="false"/>
  <annotationProcessors>
    <annotationProcessor>dev.akre.protege.ProtoCompilerProcessor</annotationProcessor>
    <annotationProcessor>dev.akre.protege.ProtoAnnotationProcessor</annotationProcessor>
  </annotationProcessors>
  <basedir default-value="${basedir}"/>
  <buildDirectory default-value="${project.build.directory}"/>
  <compileSourceRoots default-value="${project.testCompileSourceRoots}"/>
  <compilerArgs>
    <arg>-AprotoDir=/app/target/it/jackson-test/src/main/proto</arg>
  </compilerArgs>
  <compilerId default-value="javac">${maven.compiler.compilerId}</compilerId>
  <compilerReuseStrategy default-value="${reuseCreated}">${maven.compiler.compilerReuseStrategy}</compilerReuseStrategy>
  <compilerVersion>${maven.compiler.compilerVersion}</compilerVersion>
  <createMissingPackageInfoClass default-value="true">${maven.compiler.createMissingPackageInfoClass}</createMissingPackageInfoClass>
  <debug default-value="true">${maven.compiler.debug}</debug>
  <debugFileName default-value="javac-test"/>
  <debuglevel>${maven.compiler.debuglevel}</debuglevel>
  <enablePreview default-value="false">${maven.compiler.enablePreview}</enablePreview>
  <encoding default-value="${project.build.sourceEncoding}">${encoding}</encoding>
  <executable>${maven.compiler.executable}</executable>
  <failOnError default-value="true">${maven.compiler.failOnError}</failOnError>
  <failOnWarning default-value="false">${maven.compiler.failOnWarning}</failOnWarning>
  <fileExtensions default-value="class,jar"/>
  <forceJavacCompilerUse default-value="false">${maven.compiler.forceJavacCompilerUse}</forceJavacCompilerUse>
  <forceLegacyJavacApi default-value="false">${maven.compiler.forceLegacyJavacApi}</forceLegacyJavacApi>
  <fork default-value="false">${maven.compiler.fork}</fork>
  <generatedTestSourcesDirectory default-value="${project.build.directory}/generated-test-sources/test-annotations"/>
  <implicit>${maven.compiler.implicit}</implicit>
  <maxmem>${maven.compiler.maxmem}</maxmem>
  <meminitial>${maven.compiler.meminitial}</meminitial>
  <mojoExecution default-value="${mojoExecution}"/>
  <optimize default-value="false">${maven.compiler.optimize}</optimize>
  <outputDirectory default-value="${project.build.testOutputDirectory}"/>
  <outputTimestamp default-value="${project.build.outputTimestamp}"/>
  <parameters default-value="false">${maven.compiler.parameters}</parameters>
  <proc>${maven.compiler.proc}</proc>
  <project default-value="${project}"/>
  <release>${maven.compiler.release}</release>
  <session default-value="${session}"/>
  <showCompilationChanges default-value="false">${maven.compiler.showCompilationChanges}</showCompilationChanges>
  <showDeprecation default-value="false">${maven.compiler.showDeprecation}</showDeprecation>
  <showWarnings default-value="true">${maven.compiler.showWarnings}</showWarnings>
  <skip>${maven.test.skip}</skip>
  <skipMultiThreadWarning default-value="false">${maven.compiler.skipMultiThreadWarning}</skipMultiThreadWarning>
  <source default-value="1.8">${maven.compiler.source}</source>
  <staleMillis default-value="0">${lastModGranularityMs}</staleMillis>
  <target default-value="1.8">${maven.compiler.target}</target>
  <testPath default-value="${project.testClasspathElements}"/>
  <testRelease>${maven.compiler.testRelease}</testRelease>
  <testSource>${maven.compiler.testSource}</testSource>
  <testTarget>${maven.compiler.testTarget}</testTarget>
  <useIncrementalCompilation default-value="true">${maven.compiler.useIncrementalCompilation}</useIncrementalCompilation>
  <useModulePath default-value="true"/>
  <verbose default-value="false">${maven.compiler.verbose}</verbose>
</configuration>
[DEBUG] -----------------------------------------------------------------------
[DEBUG] Goal:          org.apache.maven.plugins:maven-surefire-plugin:3.2.5:test (default-test)
[DEBUG] Style:         Regular
[DEBUG] Configuration: <?xml version="1.0" encoding="UTF-8"?>
<configuration>
  <additionalClasspathDependencies>${maven.test.additionalClasspathDependencies}</additionalClasspathDependencies>
  <additionalClasspathElements>${maven.test.additionalClasspath}</additionalClasspathElements>
  <argLine>${argLine}</argLine>
  <basedir default-value="${basedir}"/>
  <childDelegation default-value="false">${childDelegation}</childDelegation>
  <classesDirectory default-value="${project.build.outputDirectory}"/>
  <classpathDependencyExcludes>${maven.test.dependency.excludes}</classpathDependencyExcludes>
  <debugForkedProcess>${maven.surefire.debug}</debugForkedProcess>
  <dependenciesToScan>${dependenciesToScan}</dependenciesToScan>
  <disableXmlReport default-value="false">${disableXmlReport}</disableXmlReport>
  <enableAssertions default-value="true">${enableAssertions}</enableAssertions>
  <enableProcessChecker>${surefire.enableProcessChecker}</enableProcessChecker>
  <encoding default-value="${project.reporting.outputEncoding}">${surefire.encoding}</encoding>
  <excludeJUnit5Engines>${surefire.excludeJUnit5Engines}</excludeJUnit5Engines>
  <excludedEnvironmentVariables>${surefire.excludedEnvironmentVariables}</excludedEnvironmentVariables>
  <excludedGroups>${excludedGroups}</excludedGroups>
  <excludes>${surefire.excludes}</excludes>
  <excludesFile>${surefire.excludesFile}</excludesFile>
  <failIfNoSpecifiedTests default-value="true">${surefire.failIfNoSpecifiedTests}</failIfNoSpecifiedTests>
  <failIfNoTests default-value="false">${failIfNoTests}</failIfNoTests>
  <failOnFlakeCount default-value="0">${surefire.failOnFlakeCount}</failOnFlakeCount>
  <forkCount default-value="1">${forkCount}</forkCount>
  <forkNode>${surefire.forkNode}</forkNode>
  <forkedProcessExitTimeoutInSeconds default-value="30">${surefire.exitTimeout}</forkedProcessExitTimeoutInSeconds>
  <forkedProcessTimeoutInSeconds>${surefire.timeout}</forkedProcessTimeoutInSeconds>
  <groups>${groups}</groups>
  <includeJUnit5Engines>${surefire.includeJUnit5Engines}</includeJUnit5Engines>
  <includes>${surefire.includes}</includes>
  <includesFile>${surefire.includesFile}</includesFile>
  <junitArtifactName default-value="junit:junit">${junitArtifactName}</junitArtifactName>
  <jvm>${jvm}</jvm>
  <objectFactory>${objectFactory}</objectFactory>
  <parallel>${parallel}</parallel>
  <parallelMavenExecution default-value="${session.parallel}"/>
  <parallelOptimized default-value="true">${parallelOptimized}</parallelOptimized>
  <parallelTestsTimeoutForcedInSeconds>${surefire.parallel.forcedTimeout}</parallelTestsTimeoutForcedInSeconds>
  <parallelTestsTimeoutInSeconds>${surefire.parallel.timeout}</parallelTestsTimeoutInSeconds>
  <perCoreThreadCount default-value="true">${perCoreThreadCount}</perCoreThreadCount>
  <pluginArtifactMap>${plugin.artifactMap}</pluginArtifactMap>
  <pluginDescriptor default-value="${plugin}"/>
  <printSummary default-value="true">${surefire.printSummary}</printSummary>
  <project default-value="${project}"/>
  <projectArtifactMap>${project.artifactMap}</projectArtifactMap>
  <projectBuildDirectory default-value="${project.build.directory}"/>
  <redirectTestOutputToFile default-value="false">${maven.test.redirectTestOutputToFile}</redirectTestOutputToFile>
  <reportFormat default-value="brief">${surefire.reportFormat}</reportFormat>
  <reportNameSuffix default-value="">${surefire.reportNameSuffix}</reportNameSuffix>
  <reportsDirectory default-value="${project.build.directory}/surefire-reports"/>
  <rerunFailingTestsCount default-value="0">${surefire.rerunFailingTestsCount}</rerunFailingTestsCount>
  <reuseForks default-value="true">${reuseForks}</reuseForks>
  <runOrder default-value="filesystem">${surefire.runOrder}</runOrder>
  <runOrderRandomSeed>${surefire.runOrder.random.seed}</runOrderRandomSeed>
  <session default-value="${session}"/>
  <shutdown default-value="exit">${surefire.shutdown}</shutdown>
  <skip default-value="false">${maven.test.skip}</skip>
  <skipAfterFailureCount default-value="0">${surefire.skipAfterFailureCount}</skipAfterFailureCount>
  <skipExec>${maven.test.skip.exec}</skipExec>
  <skipTests default-value="false">${skipTests}</skipTests>
  <suiteXmlFiles>${surefire.suiteXmlFiles}</suiteXmlFiles>
  <systemPropertiesFile>${surefire.systemPropertiesFile}</systemPropertiesFile>
  <tempDir default-value="surefire">${tempDir}</tempDir>
  <test>${test}</test>
  <testClassesDirectory default-value="${project.build.testOutputDirectory}"/>
  <testFailureIgnore default-value="false">${maven.test.failure.ignore}</testFailureIgnore>
  <testNGArtifactName default-value="org.testng:testng">${testNGArtifactName}</testNGArtifactName>
  <testSourceDirectory default-value="${project.build.testSourceDirectory}"/>
  <threadCount>${threadCount}</threadCount>
  <threadCountClasses default-value="0">${threadCountClasses}</threadCountClasses>
  <threadCountMethods default-value="0">${threadCountMethods}</threadCountMethods>
  <threadCountSuites default-value="0">${threadCountSuites}</threadCountSuites>
  <trimStackTrace default-value="false">${trimStackTrace}</trimStackTrace>
  <useFile default-value="true">${surefire.useFile}</useFile>
  <useManifestOnlyJar default-value="true">${surefire.useManifestOnlyJar}</useManifestOnlyJar>
  <useModulePath default-value="true">${surefire.useModulePath}</useModulePath>
  <useSystemClassLoader default-value="true">${surefire.useSystemClassLoader}</useSystemClassLoader>
  <useUnlimitedThreads default-value="false">${useUnlimitedThreads}</useUnlimitedThreads>
  <workingDirectory>${basedir}</workingDirectory>
</configuration>
[DEBUG] -----------------------------------------------------------------------
[DEBUG] Goal:          org.apache.maven.plugins:maven-jar-plugin:3.4.1:jar (default-jar)
[DEBUG] Style:         Regular
[DEBUG] Configuration: <?xml version="1.0" encoding="UTF-8"?>
<configuration>
  <addDefaultExcludes default-value="true"/>
  <classesDirectory default-value="${project.build.outputDirectory}"/>
  <detectMultiReleaseJar default-value="true">${maven.jar.detectMultiReleaseJar}</detectMultiReleaseJar>
  <finalName default-value="${project.build.finalName}"/>
  <forceCreation default-value="false">${maven.jar.forceCreation}</forceCreation>
  <outputDirectory default-value="${project.build.directory}"/>
  <outputTimestamp default-value="${project.build.outputTimestamp}"/>
  <project default-value="${project}"/>
  <session default-value="${session}"/>
  <skipIfEmpty default-value="false"/>
  <useDefaultManifestFile default-value="false">${jar.useDefaultManifestFile}</useDefaultManifestFile>
</configuration>
[DEBUG] =======================================================================
[DEBUG] Resolving artifact com.fasterxml.jackson.core:jackson-databind:pom:2.16.1 from [central (https://repo.maven.apache.org/maven2, default, releases)]
[DEBUG] Resolving artifact com.fasterxml.jackson.core:jackson-databind:pom:2.16.1 from [central (https://repo.maven.apache.org/maven2, default, releases)]
[DEBUG] Using transporter HttpTransporter with priority 5.0 for https://repo.maven.apache.org/maven2
[DEBUG] Using connector BasicRepositoryConnector with priority 0.0 for https://repo.maven.apache.org/maven2
[INFO] Downloading from central: https://repo.maven.apache.org/maven2/com/fasterxml/jackson/core/jackson-databind/2.16.1/jackson-databind-2.16.1.pom
[INFO] Downloaded from central: https://repo.maven.apache.org/maven2/com/fasterxml/jackson/core/jackson-databind/2.16.1/jackson-databind-2.16.1.pom (21 kB at 50 kB/s)
[DEBUG] Writing tracking file '/app/target/local-repo/com/fasterxml/jackson/core/jackson-databind/2.16.1/_remote.repositories'
[DEBUG] Writing tracking file '/app/target/local-repo/com/fasterxml/jackson/core/jackson-databind/2.16.1/jackson-databind-2.16.1.pom.lastUpdated'
[DEBUG] Resolving artifact com.fasterxml.jackson:jackson-base:pom:2.16.1 from [central (https://repo.maven.apache.org/maven2, default, releases), sonatype-nexus-snapshots (https://oss.sonatype.org/content/repositories/snapshots, default, snapshots)]
[DEBUG] Resolving artifact com.fasterxml.jackson:jackson-base:pom:2.16.1 from [central (https://repo.maven.apache.org/maven2, default, releases), sonatype-nexus-snapshots (https://oss.sonatype.org/content/repositories/snapshots, default, snapshots)]
[DEBUG] Using transporter HttpTransporter with priority 5.0 for https://repo.maven.apache.org/maven2
[DEBUG] Using connector BasicRepositoryConnector with priority 0.0 for https://repo.maven.apache.org/maven2
[INFO] Downloading from central: https://repo.maven.apache.org/maven2/com/fasterxml/jackson/jackson-base/2.16.1/jackson-base-2.16.1.pom
[INFO] Downloaded from central: https://repo.maven.apache.org/maven2/com/fasterxml/jackson/jackson-base/2.16.1/jackson-base-2.16.1.pom (11 kB at 334 kB/s)
[DEBUG] Writing tracking file '/app/target/local-repo/com/fasterxml/jackson/jackson-base/2.16.1/_remote.repositories'
[DEBUG] Writing tracking file '/app/target/local-repo/com/fasterxml/jackson/jackson-base/2.16.1/jackson-base-2.16.1.pom.lastUpdated'
[DEBUG] Resolving artifact com.fasterxml.jackson:jackson-bom:pom:2.16.1 from [central (https://repo.maven.apache.org/maven2, default, releases), sonatype-nexus-snapshots (https://oss.sonatype.org/content/repositories/snapshots, default, snapshots)]
[DEBUG] Resolving artifact com.fasterxml.jackson:jackson-bom:pom:2.16.1 from [central (https://repo.maven.apache.org/maven2, default, releases), sonatype-nexus-snapshots (https://oss.sonatype.org/content/repositories/snapshots, default, snapshots)]
[DEBUG] Using transporter HttpTransporter with priority 5.0 for https://repo.maven.apache.org/maven2
[DEBUG] Using connector BasicRepositoryConnector with priority 0.0 for https://repo.maven.apache.org/maven2
[INFO] Downloading from central: https://repo.maven.apache.org/maven2/com/fasterxml/jackson/jackson-bom/2.16.1/jackson-bom-2.16.1.pom
[INFO] Downloaded from central: https://repo.maven.apache.org/maven2/com/fasterxml/jackson/jackson-bom/2.16.1/jackson-bom-2.16.1.pom (18 kB at 536 kB/s)
[DEBUG] Writing tracking file '/app/target/local-repo/com/fasterxml/jackson/jackson-bom/2.16.1/_remote.repositories'
[DEBUG] Writing tracking file '/app/target/local-repo/com/fasterxml/jackson/jackson-bom/2.16.1/jackson-bom-2.16.1.pom.lastUpdated'
[DEBUG] Resolving artifact com.fasterxml.jackson:jackson-parent:pom:2.16 from [central (https://repo.maven.apache.org/maven2, default, releases), sonatype-nexus-snapshots (https://oss.sonatype.org/content/repositories/snapshots, default, snapshots)]
[DEBUG] Resolving artifact com.fasterxml.jackson:jackson-parent:pom:2.16 from [central (https://repo.maven.apache.org/maven2, default, releases), sonatype-nexus-snapshots (https://oss.sonatype.org/content/repositories/snapshots, default, snapshots)]
[DEBUG] Using transporter HttpTransporter with priority 5.0 for https://repo.maven.apache.org/maven2
[DEBUG] Using connector BasicRepositoryConnector with priority 0.0 for https://repo.maven.apache.org/maven2
[INFO] Downloading from central: https://repo.maven.apache.org/maven2/com/fasterxml/jackson/jackson-parent/2.16/jackson-parent-2.16.pom
[INFO] Downloaded from central: https://repo.maven.apache.org/maven2/com/fasterxml/jackson/jackson-parent/2.16/jackson-parent-2.16.pom (6.5 kB at 198 kB/s)
[DEBUG] Writing tracking file '/app/target/local-repo/com/fasterxml/jackson/jackson-parent/2.16/_remote.repositories'
[DEBUG] Writing tracking file '/app/target/local-repo/com/fasterxml/jackson/jackson-parent/2.16/jackson-parent-2.16.pom.lastUpdated'
[DEBUG] Resolving artifact com.fasterxml:oss-parent:pom:56 from [central (https://repo.maven.apache.org/maven2, default, releases), sonatype-nexus-snapshots (https://oss.sonatype.org/content/repositories/snapshots, default, snapshots)]
[DEBUG] Resolving artifact com.fasterxml:oss-parent:pom:56 from [central (https://repo.maven.apache.org/maven2, default, releases), sonatype-nexus-snapshots (https://oss.sonatype.org/content/repositories/snapshots, default, snapshots)]
[DEBUG] Using transporter HttpTransporter with priority 5.0 for https://repo.maven.apache.org/maven2
[DEBUG] Using connector BasicRepositoryConnector with priority 0.0 for https://repo.maven.apache.org/maven2
[INFO] Downloading from central: https://repo.maven.apache.org/maven2/com/fasterxml/oss-parent/56/oss-parent-56.pom
[INFO] Downloaded from central: https://repo.maven.apache.org/maven2/com/fasterxml/oss-parent/56/oss-parent-56.pom (24 kB at 637 kB/s)
[DEBUG] Writing tracking file '/app/target/local-repo/com/fasterxml/oss-parent/56/_remote.repositories'
[DEBUG] Writing tracking file '/app/target/local-repo/com/fasterxml/oss-parent/56/oss-parent-56.pom.lastUpdated'
[DEBUG] Resolving artifact org.junit:junit-bom:pom:5.9.2 from [central (https://repo.maven.apache.org/maven2, default, releases), sonatype-nexus-snapshots (https://oss.sonatype.org/content/repositories/snapshots, default, snapshots)]
[DEBUG] Resolving artifact org.junit:junit-bom:pom:5.9.2 from [central (https://repo.maven.apache.org/maven2, default, releases), sonatype-nexus-snapshots (https://oss.sonatype.org/content/repositories/snapshots, default, snapshots)]
[DEBUG] Using transporter HttpTransporter with priority 5.0 for https://repo.maven.apache.org/maven2
[DEBUG] Using connector BasicRepositoryConnector with priority 0.0 for https://repo.maven.apache.org/maven2
[INFO] Downloading from central: https://repo.maven.apache.org/maven2/org/junit/junit-bom/5.9.2/junit-bom-5.9.2.pom
[INFO] Downloaded from central: https://repo.maven.apache.org/maven2/org/junit/junit-bom/5.9.2/junit-bom-5.9.2.pom (5.6 kB at 171 kB/s)
[DEBUG] Writing tracking file '/app/target/local-repo/org/junit/junit-bom/5.9.2/_remote.repositories'
[DEBUG] Writing tracking file '/app/target/local-repo/org/junit/junit-bom/5.9.2/junit-bom-5.9.2.pom.lastUpdated'
[DEBUG] Resolving artifact com.fasterxml.jackson.core:jackson-annotations:pom:2.16.1 from [central (https://repo.maven.apache.org/maven2, default, releases), sonatype-nexus-snapshots (https://oss.sonatype.org/content/repositories/snapshots, default, snapshots)]
[DEBUG] Resolving artifact com.fasterxml.jackson.core:jackson-annotations:pom:2.16.1 from [central (https://repo.maven.apache.org/maven2, default, releases), sonatype-nexus-snapshots (https://oss.sonatype.org/content/repositories/snapshots, default, snapshots)]
[DEBUG] Using transporter HttpTransporter with priority 5.0 for https://repo.maven.apache.org/maven2
[DEBUG] Using connector BasicRepositoryConnector with priority 0.0 for https://repo.maven.apache.org/maven2
[INFO] Downloading from central: https://repo.maven.apache.org/maven2/com/fasterxml/jackson/core/jackson-annotations/2.16.1/jackson-annotations-2.16.1.pom
[INFO] Downloaded from central: https://repo.maven.apache.org/maven2/com/fasterxml/jackson/core/jackson-annotations/2.16.1/jackson-annotations-2.16.1.pom (7.1 kB at 191 kB/s)
[DEBUG] Writing tracking file '/app/target/local-repo/com/fasterxml/jackson/core/jackson-annotations/2.16.1/_remote.repositories'
[DEBUG] Writing tracking file '/app/target/local-repo/com/fasterxml/jackson/core/jackson-annotations/2.16.1/jackson-annotations-2.16.1.pom.lastUpdated'
[DEBUG] Resolving artifact com.fasterxml.jackson.core:jackson-core:pom:2.16.1 from [central (https://repo.maven.apache.org/maven2, default, releases), sonatype-nexus-snapshots (https://oss.sonatype.org/content/repositories/snapshots, default, snapshots)]
[DEBUG] Resolving artifact com.fasterxml.jackson.core:jackson-core:pom:2.16.1 from [central (https://repo.maven.apache.org/maven2, default, releases), sonatype-nexus-snapshots (https://oss.sonatype.org/content/repositories/snapshots, default, snapshots)]
[DEBUG] Using transporter HttpTransporter with priority 5.0 for https://repo.maven.apache.org/maven2
[DEBUG] Using connector BasicRepositoryConnector with priority 0.0 for https://repo.maven.apache.org/maven2
[INFO] Downloading from central: https://repo.maven.apache.org/maven2/com/fasterxml/jackson/core/jackson-core/2.16.1/jackson-core-2.16.1.pom
[INFO] Downloaded from central: https://repo.maven.apache.org/maven2/com/fasterxml/jackson/core/jackson-core/2.16.1/jackson-core-2.16.1.pom (9.9 kB at 292 kB/s)
[DEBUG] Writing tracking file '/app/target/local-repo/com/fasterxml/jackson/core/jackson-core/2.16.1/_remote.repositories'
[DEBUG] Writing tracking file '/app/target/local-repo/com/fasterxml/jackson/core/jackson-core/2.16.1/jackson-core-2.16.1.pom.lastUpdated'
[DEBUG] Dependency collection stats {ConflictMarker.analyzeTime=789224, ConflictMarker.markTime=149921, ConflictMarker.nodeCount=18, ConflictIdSorter.graphTime=376165, ConflictIdSorter.topsortTime=330800, ConflictIdSorter.conflictIdCount=14, ConflictIdSorter.conflictIdCycleCount=0, ConflictResolver.totalTime=3839272, ConflictResolver.conflictItemCount=17, DfDependencyCollector.collectTime=1037344613, DfDependencyCollector.transformTime=7537734}
[DEBUG] dev.akre.it:jackson-test:jar:0.0.1-SNAPSHOT
[DEBUG]    dev.akre:protege:jar:0.0.1-SNAPSHOT:compile
[DEBUG]       com.palantir.javapoet:javapoet:jar:0.10.0:compile
[DEBUG]       javax.annotation:javax.annotation-api:jar:1.3.2:compile
[DEBUG]       org.antlr:antlr4-runtime:jar:4.13.2:compile
[DEBUG]    com.google.protobuf:protobuf-java:jar:4.28.2:compile
[DEBUG]    org.junit.jupiter:junit-jupiter-api:jar:5.8.2:test
[DEBUG]       org.opentest4j:opentest4j:jar:1.2.0:test
[DEBUG]       org.junit.platform:junit-platform-commons:jar:1.8.2:test
[DEBUG]       org.apiguardian:apiguardian-api:jar:1.1.2:test
[DEBUG]    org.assertj:assertj-core:jar:3.27.7:test
[DEBUG]       net.bytebuddy:byte-buddy:jar:1.18.3:test
[DEBUG]    com.fasterxml.jackson.core:jackson-databind:jar:2.16.1:compile
[DEBUG]       com.fasterxml.jackson.core:jackson-core:jar:2.16.1:compile
[DEBUG]    com.fasterxml.jackson.core:jackson-annotations:jar:2.16.1:compile
[DEBUG] Resolving artifact com.fasterxml.jackson.core:jackson-databind:jar:2.16.1 from [central (https://repo.maven.apache.org/maven2, default, releases)]
[DEBUG] Resolving artifact com.fasterxml.jackson.core:jackson-core:jar:2.16.1 from [central (https://repo.maven.apache.org/maven2, default, releases), sonatype-nexus-snapshots (https://oss.sonatype.org/content/repositories/snapshots, default, snapshots)]
[DEBUG] Resolving artifact com.fasterxml.jackson.core:jackson-annotations:jar:2.16.1 from [central (https://repo.maven.apache.org/maven2, default, releases)]
[DEBUG] Resolving artifact com.fasterxml.jackson.core:jackson-databind:jar:2.16.1 from [central (https://repo.maven.apache.org/maven2, default, releases)]
[DEBUG] Resolving artifact com.fasterxml.jackson.core:jackson-core:jar:2.16.1 from [central (https://repo.maven.apache.org/maven2, default, releases), sonatype-nexus-snapshots (https://oss.sonatype.org/content/repositories/snapshots, default, snapshots)]
[DEBUG] Resolving artifact com.fasterxml.jackson.core:jackson-annotations:jar:2.16.1 from [central (https://repo.maven.apache.org/maven2, default, releases)]
[DEBUG] Using transporter HttpTransporter with priority 5.0 for https://repo.maven.apache.org/maven2
[DEBUG] Using connector BasicRepositoryConnector with priority 0.0 for https://repo.maven.apache.org/maven2
[INFO] Downloading from central: https://repo.maven.apache.org/maven2/com/fasterxml/jackson/core/jackson-databind/2.16.1/jackson-databind-2.16.1.jar
[INFO] Downloading from central: https://repo.maven.apache.org/maven2/com/fasterxml/jackson/core/jackson-core/2.16.1/jackson-core-2.16.1.jar
[INFO] Downloading from central: https://repo.maven.apache.org/maven2/com/fasterxml/jackson/core/jackson-annotations/2.16.1/jackson-annotations-2.16.1.jar
[INFO] Downloaded from central: https://repo.maven.apache.org/maven2/com/fasterxml/jackson/core/jackson-core/2.16.1/jackson-core-2.16.1.jar (578 kB at 5.3 MB/s)
[INFO] Downloaded from central: https://repo.maven.apache.org/maven2/com/fasterxml/jackson/core/jackson-annotations/2.16.1/jackson-annotations-2.16.1.jar (78 kB at 720 kB/s)
[INFO] Downloaded from central: https://repo.maven.apache.org/maven2/com/fasterxml/jackson/core/jackson-databind/2.16.1/jackson-databind-2.16.1.jar (1.6 MB at 6.3 MB/s)
[DEBUG] Writing tracking file '/app/target/local-repo/com/fasterxml/jackson/core/jackson-databind/2.16.1/_remote.repositories'
[DEBUG] Writing tracking file '/app/target/local-repo/com/fasterxml/jackson/core/jackson-databind/2.16.1/jackson-databind-2.16.1.jar.lastUpdated'
[DEBUG] Writing tracking file '/app/target/local-repo/com/fasterxml/jackson/core/jackson-core/2.16.1/_remote.repositories'
[DEBUG] Writing tracking file '/app/target/local-repo/com/fasterxml/jackson/core/jackson-core/2.16.1/jackson-core-2.16.1.jar.lastUpdated'
[DEBUG] Writing tracking file '/app/target/local-repo/com/fasterxml/jackson/core/jackson-annotations/2.16.1/_remote.repositories'
[DEBUG] Writing tracking file '/app/target/local-repo/com/fasterxml/jackson/core/jackson-annotations/2.16.1/jackson-annotations-2.16.1.jar.lastUpdated'
[INFO]
[INFO] --- clean:3.2.0:clean (default-clean) @ jackson-test ---
[DEBUG] Dependency collection stats {ConflictMarker.analyzeTime=47859, ConflictMarker.markTime=49631, ConflictMarker.nodeCount=3, ConflictIdSorter.graphTime=9794, ConflictIdSorter.topsortTime=12721, ConflictIdSorter.conflictIdCount=3, ConflictIdSorter.conflictIdCycleCount=0, ConflictResolver.totalTime=125094, ConflictResolver.conflictItemCount=3, DfDependencyCollector.collectTime=29763325, DfDependencyCollector.transformTime=277562}
[DEBUG] org.apache.maven.plugins:maven-clean-plugin:jar:3.2.0
[DEBUG]    org.apache.maven.shared:maven-shared-utils:jar:3.3.4:compile
[DEBUG]       commons-io:commons-io:jar:2.6:compile
[DEBUG] Created new class realm plugin>org.apache.maven.plugins:maven-clean-plugin:3.2.0
[DEBUG] Importing foreign packages into class realm plugin>org.apache.maven.plugins:maven-clean-plugin:3.2.0
[DEBUG]   Imported:  < maven.api
[DEBUG] Populating class realm plugin>org.apache.maven.plugins:maven-clean-plugin:3.2.0
[DEBUG]   Included: org.apache.maven.plugins:maven-clean-plugin:jar:3.2.0
[DEBUG]   Included: org.apache.maven.shared:maven-shared-utils:jar:3.3.4
[DEBUG]   Included: commons-io:commons-io:jar:2.6
[DEBUG] Loading mojo org.apache.maven.plugins:maven-clean-plugin:3.2.0:clean from plugin realm ClassRealm[plugin>org.apache.maven.plugins:maven-clean-plugin:3.2.0, parent: jdk.internal.loader.ClassLoaders$AppClassLoader@c387f44]
[DEBUG] Configuring mojo execution 'org.apache.maven.plugins:maven-clean-plugin:3.2.0:clean:default-clean' with basic configurator -->
[DEBUG]   (f) directory = /app/target/it/jackson-test/target
[DEBUG]   (f) excludeDefaultDirectories = false
[DEBUG]   (f) failOnError = true
[DEBUG]   (f) fast = false
[DEBUG]   (f) fastMode = background
[DEBUG]   (f) followSymLinks = false
[DEBUG]   (f) outputDirectory = /app/target/it/jackson-test/target/classes
[DEBUG]   (f) reportDirectory = /app/target/it/jackson-test/target/classes
[DEBUG]   (f) retryOnError = true
[DEBUG]   (f) session = org.apache.maven.execution.MavenSession@6d099323
[DEBUG]   (f) skip = false
[DEBUG]   (f) testOutputDirectory = /app/target/it/jackson-test/target/test-classes
[DEBUG] -- end configuration --
[DEBUG] Skipping non-existing directory /app/target/it/jackson-test/target
[DEBUG] Skipping non-existing directory /app/target/it/jackson-test/target/classes
[DEBUG] Skipping non-existing directory /app/target/it/jackson-test/target/test-classes
[DEBUG] Skipping non-existing directory /app/target/it/jackson-test/target/classes
[INFO]
[INFO] --- resources:3.3.1:resources (default-resources) @ jackson-test ---
[DEBUG] Dependency collection stats {ConflictMarker.analyzeTime=66145, ConflictMarker.markTime=65849, ConflictMarker.nodeCount=13, ConflictIdSorter.graphTime=21544, ConflictIdSorter.topsortTime=15875, ConflictIdSorter.conflictIdCount=9, ConflictIdSorter.conflictIdCycleCount=0, ConflictResolver.totalTime=433999, ConflictResolver.conflictItemCount=13, DfDependencyCollector.collectTime=79369211, DfDependencyCollector.transformTime=628208}
[DEBUG] org.apache.maven.plugins:maven-resources-plugin:jar:3.3.1
[DEBUG]    org.codehaus.plexus:plexus-interpolation:jar:1.26:runtime
[DEBUG]    org.codehaus.plexus:plexus-utils:jar:3.5.1:compile
[DEBUG]    org.apache.maven.shared:maven-filtering:jar:3.3.1:compile
[DEBUG]       javax.inject:javax.inject:jar:1:compile
[DEBUG]       org.slf4j:slf4j-api:jar:1.7.36:compile
[DEBUG]       org.sonatype.plexus:plexus-build-api:jar:0.0.7:compile
[DEBUG]    commons-io:commons-io:jar:2.11.0:compile
[DEBUG]    org.apache.commons:commons-lang3:jar:3.12.0:compile
[DEBUG] Created new class realm plugin>org.apache.maven.plugins:maven-resources-plugin:3.3.1
[DEBUG] Importing foreign packages into class realm plugin>org.apache.maven.plugins:maven-resources-plugin:3.3.1
[DEBUG]   Imported:  < maven.api
[DEBUG] Populating class realm plugin>org.apache.maven.plugins:maven-resources-plugin:3.3.1
[DEBUG]   Included: org.apache.maven.plugins:maven-resources-plugin:jar:3.3.1
[DEBUG]   Included: org.codehaus.plexus:plexus-interpolation:jar:1.26
[DEBUG]   Included: org.codehaus.plexus:plexus-utils:jar:3.5.1
[DEBUG]   Included: org.apache.maven.shared:maven-filtering:jar:3.3.1
[DEBUG]   Included: org.sonatype.plexus:plexus-build-api:jar:0.0.7
[DEBUG]   Included: commons-io:commons-io:jar:2.11.0
[DEBUG]   Included: org.apache.commons:commons-lang3:jar:3.12.0
[DEBUG] Loading mojo org.apache.maven.plugins:maven-resources-plugin:3.3.1:resources from plugin realm ClassRealm[plugin>org.apache.maven.plugins:maven-resources-plugin:3.3.1, parent: jdk.internal.loader.ClassLoaders$AppClassLoader@c387f44]
[DEBUG] Configuring mojo execution 'org.apache.maven.plugins:maven-resources-plugin:3.3.1:resources:default-resources' with basic configurator -->
[DEBUG]   (f) addDefaultExcludes = true
[DEBUG]   (f) buildFilters = []
[DEBUG]   (f) encoding = UTF-8
[DEBUG]   (f) escapeWindowsPaths = true
[DEBUG]   (f) fileNameFiltering = false
[DEBUG]   (s) includeEmptyDirs = false
[DEBUG]   (s) outputDirectory = /app/target/it/jackson-test/target/classes
[DEBUG]   (s) overwrite = false
[DEBUG]   (f) project = MavenProject: dev.akre.it:jackson-test:0.0.1-SNAPSHOT @ /app/target/it/jackson-test/pom.xml
[DEBUG]   (s) resources = [Resource {targetPath: null, filtering: false, FileSet {directory: /app/target/it/jackson-test/src/main/resources, PatternSet [includes: {}, excludes: {}]}}]
[DEBUG]   (f) session = org.apache.maven.execution.MavenSession@6d099323
[DEBUG]   (f) skip = false
[DEBUG]   (f) supportMultiLineFiltering = false
[DEBUG]   (f) useBuildFilters = true
[DEBUG]   (s) useDefaultDelimiters = true
[DEBUG] -- end configuration --
[DEBUG] properties used:
[DEBUG] classworlds.conf: /usr/share/apache-maven-3.9.12/bin/m2.conf
[DEBUG] env.ANDROID_HOME: /opt/android-sdk
[DEBUG] env.BUN_INSTALL: /usr/local/bun
[DEBUG] env.CHROME_EXECUTABLE: /usr/bin/google-chrome
[DEBUG] env.DEBUGINFOD_URLS: https://debuginfod.ubuntu.com
[DEBUG] env.DOTNET_BUNDLE_EXTRACT_BASE_DIR: /home/jules/.cache/dotnet_bundle_extract
[DEBUG] env.DOTNET_ROOT: /usr/lib/dotnet
[DEBUG] env.FLUTTER_HOME: /opt/flutter
[DEBUG] env.GIT_TERMINAL_PROMPT: 0
[DEBUG] env.HOME: /home/jules
[DEBUG] env.JAVA_HOME: /usr/lib/jvm/java-21-openjdk-amd64
[DEBUG] env.JULES_SESSION_ID: 5424382713137291221
[DEBUG] env.LANG: C.UTF-8
[DEBUG] env.LESSCLOSE: /usr/bin/lesspipe %s %s
[DEBUG] env.LESSOPEN: | /usr/bin/lesspipe %s
[DEBUG] env.LOGNAME: jules
[DEBUG] env.LS_COLORS: rs=0:di=01;34:ln=01;36:mh=00:pi=40;33:so=01;35:do=01;35:bd=40;33;01:cd=40;33;01:or=40;31;01:mi=00:su=37;41:sg=30;43:ca=00:tw=30;42:ow=34;42:st=37;44:ex=01;32:*.tar=01;31:*.tgz=01;31:*.arc=01;31:*.arj=01;31:*.taz=01;31:*.lha=01;31:*.lz4=01;31:*.lzh=01;31:*.lzma=01;31:*.tlz=01;31:*.txz=01;31:*.tzo=01;31:*.t7z=01;31:*.zip=01;31:*.z=01;31:*.dz=01;31:*.gz=01;31:*.lrz=01;31:*.lz=01;31:*.lzo=01;31:*.xz=01;31:*.zst=01;31:*.tzst=01;31:*.bz2=01;31:*.bz=01;31:*.tbz=01;31:*.tbz2=01;31:*.tz=01;31:*.deb=01;31:*.rpm=01;31:*.jar=01;31:*.war=01;31:*.ear=01;31:*.sar=01;31:*.rar=01;31:*.alz=01;31:*.ace=01;31:*.zoo=01;31:*.cpio=01;31:*.7z=01;31:*.rz=01;31:*.cab=01;31:*.wim=01;31:*.swm=01;31:*.dwm=01;31:*.esd=01;31:*.avif=01;35:*.jpg=01;35:*.jpeg=01;35:*.mjpg=01;35:*.mjpeg=01;35:*.gif=01;35:*.bmp=01;35:*.pbm=01;35:*.pgm=01;35:*.ppm=01;35:*.tga=01;35:*.xbm=01;35:*.xpm=01;35:*.tif=01;35:*.tiff=01;35:*.png=01;35:*.svg=01;35:*.svgz=01;35:*.mng=01;35:*.pcx=01;35:*.mov=01;35:*.mpg=01;35:*.mpeg=01;35:*.m2v=01;35:*.mkv=01;35:*.webm=01;35:*.webp=01;35:*.ogm=01;35:*.mp4=01;35:*.m4v=01;35:*.mp4v=01;35:*.vob=01;35:*.qt=01;35:*.nuv=01;35:*.wmv=01;35:*.asf=01;35:*.rm=01;35:*.rmvb=01;35:*.flc=01;35:*.avi=01;35:*.fli=01;35:*.flv=01;35:*.gl=01;35:*.dl=01;35:*.xcf=01;35:*.xwd=01;35:*.yuv=01;35:*.cgm=01;35:*.emf=01;35:*.ogv=01;35:*.ogx=01;35:*.aac=00;36:*.au=00;36:*.flac=00;36:*.m4a=00;36:*.mid=00;36:*.midi=00;36:*.mka=00;36:*.mp3=00;36:*.mpc=00;36:*.ogg=00;36:*.ra=00;36:*.wav=00;36:*.oga=00;36:*.opus=00;36:*.spx=00;36:*.xspf=00;36:*~=00;90:*#=00;90:*.bak=00;90:*.crdownload=00;90:*.dpkg-dist=00;90:*.dpkg-new=00;90:*.dpkg-old=00;90:*.dpkg-tmp=00;90:*.old=00;90:*.orig=00;90:*.part=00;90:*.rej=00;90:*.rpmnew=00;90:*.rpmorig=00;90:*.rpmsave=00;90:*.swp=00;90:*.tmp=00;90:*.ucf-dist=00;90:*.ucf-new=00;90:*.ucf-old=00;90:
[DEBUG] env.MAIL: /var/mail/jules
[DEBUG] env.MAVEN_CMD_LINE_ARGS:  -B -X -D maven.repo.local=/app/target/local-repo -s /app/target/it/interpolated-settings.xml clean verify
[DEBUG] env.MAVEN_PROJECTBASEDIR: /app/target/it/jackson-test
[DEBUG] env.NVM_BIN: /home/jules/.nvm/versions/node/v22.22.0/bin
[DEBUG] env.NVM_CD_FLAGS:
[DEBUG] env.NVM_DIR: /home/jules/.nvm
[DEBUG] env.NVM_INC: /home/jules/.nvm/versions/node/v22.22.0/include/node
[DEBUG] env.OLDPWD: /app/target/it/jackson-test
[DEBUG] env.PATH: /home/jules/.nvm/versions/node/v22.22.0/bin:/home/jules/.pyenv/shims:/home/jules/.pyenv/bin:/home/jules/.local/bin:/opt/flutter/bin:/usr/lib/dotnet:/opt/android-sdk/cmdline-tools/latest/bin:/opt/android-sdk/platform-tools:/go/bin:/usr/local/go/bin:/usr/share/gradle/bin:/usr/share/maven/bin:/home/jules/.local/bin:/home/jules/.cargo/bin:/usr/local/bun/bin:/usr/local/sbin:/usr/local/bin:/usr/sbin:/usr/bin:/sbin:/bin:/snap/bin:/home/jules/.dotnet/tools
[DEBUG] env.PWD: /app/target/it/jackson-test
[DEBUG] env.SHELL: /bin/bash
[DEBUG] env.SHLVL: 2
[DEBUG] env.SUDO_COMMAND: /usr/bin/bash -c echo "${BASHPID}"
tmux new-session -d -s 'default' -c /app -e JULES_SESSION_ID=5424382713137291221 -e GIT_TERMINAL_PROMPT=0 && tmux set-option remain-on-exit on
[DEBUG] env.SUDO_GID: 1001
[DEBUG] env.SUDO_UID: 1001
[DEBUG] env.SUDO_USER: jules
[DEBUG] env.TERM: tmux-256color
[DEBUG] env.TERM_PROGRAM: tmux
[DEBUG] env.TERM_PROGRAM_VERSION: 3.4
[DEBUG] env.TMUX: /tmp/tmux-1001/default,1297,0
[DEBUG] env.TMUX_PANE: %0
[DEBUG] env.USER: jules
[DEBUG] env._: /usr/share/maven/bin/mvn
[DEBUG] file.encoding: UTF-8
[DEBUG] file.separator: /
[DEBUG] java.class.path: /usr/share/apache-maven-3.9.12/boot/plexus-classworlds-2.9.0.jar
[DEBUG] java.class.version: 65.0
[DEBUG] java.home: /usr/lib/jvm/java-21-openjdk-amd64
[DEBUG] java.io.tmpdir: /tmp
[DEBUG] java.library.path: /usr/java/packages/lib:/usr/lib/x86_64-linux-gnu/jni:/lib/x86_64-linux-gnu:/usr/lib/x86_64-linux-gnu:/usr/lib/jni:/lib:/usr/lib
[DEBUG] java.runtime.name: OpenJDK Runtime Environment
[DEBUG] java.runtime.version: 21.0.9+10-Ubuntu-124.04
[DEBUG] java.specification.name: Java Platform API Specification
[DEBUG] java.specification.vendor: Oracle Corporation
[DEBUG] java.specification.version: 21
[DEBUG] java.vendor: Ubuntu
[DEBUG] java.vendor.url: https://ubuntu.com/
[DEBUG] java.vendor.url.bug: https://bugs.launchpad.net/ubuntu/+source/openjdk-21
[DEBUG] java.version: 21.0.9
[DEBUG] java.version.date: 2025-10-21
[DEBUG] java.vm.compressedOopsMode: 32-bit
[DEBUG] java.vm.info: mixed mode, sharing
[DEBUG] java.vm.name: OpenJDK 64-Bit Server VM
[DEBUG] java.vm.specification.name: Java Virtual Machine Specification
[DEBUG] java.vm.specification.vendor: Oracle Corporation
[DEBUG] java.vm.specification.version: 21
[DEBUG] java.vm.vendor: Ubuntu
[DEBUG] java.vm.version: 21.0.9+10-Ubuntu-124.04
[DEBUG] jdk.debug: release
[DEBUG] library.jansi.path: /usr/share/apache-maven-3.9.12/lib/jansi-native
[DEBUG] line.separator:

[DEBUG] maven.build.timestamp: 2026-01-27T04:00:04Z
[DEBUG] maven.build.version: Apache Maven 3.9.12 (848fbb4bf2d427b72bdb2471c22fced7ebd9a7a1)
[DEBUG] maven.compiler.source: 21
[DEBUG] maven.compiler.target: 21
[DEBUG] maven.conf: /usr/share/apache-maven-3.9.12/conf
[DEBUG] maven.home: /usr/share/apache-maven-3.9.12
[DEBUG] maven.multiModuleProjectDirectory: /app/target/it/jackson-test
[DEBUG] maven.repo.local: /app/target/local-repo
[DEBUG] maven.version: 3.9.12
[DEBUG] native.encoding: UTF-8
[DEBUG] os.arch: amd64
[DEBUG] os.name: Linux
[DEBUG] os.version: 6.8.0
[DEBUG] path.separator: :
[DEBUG] project.baseUri: file:/app/target/it/jackson-test/
[DEBUG] project.build.sourceEncoding: UTF-8
[DEBUG] stderr.encoding: UTF-8
[DEBUG] stdout.encoding: UTF-8
[DEBUG] sun.arch.data.model: 64
[DEBUG] sun.boot.library.path: /usr/lib/jvm/java-21-openjdk-amd64/lib
[DEBUG] sun.cpu.endian: little
[DEBUG] sun.io.unicode.encoding: UnicodeLittle
[DEBUG] sun.java.command: org.codehaus.plexus.classworlds.launcher.Launcher -B -X -D maven.repo.local=/app/target/local-repo -s /app/target/it/interpolated-settings.xml clean verify
[DEBUG] sun.java.launcher: SUN_STANDARD
[DEBUG] sun.jnu.encoding: UTF-8
[DEBUG] sun.management.compiler: HotSpot 64-Bit Tiered Compilers
[DEBUG] user.dir: /app/target/it/jackson-test
[DEBUG] user.home: /home/jules
[DEBUG] user.language: en
[DEBUG] user.name: jules
[DEBUG] Using 'UTF-8' encoding to copy filtered resources.
[DEBUG] Using 'UTF-8' encoding to copy filtered properties files.
[DEBUG] resource with targetPath null
directory /app/target/it/jackson-test/src/main/resources
excludes []
includes []
[INFO] skip non existing resourceDirectory /app/target/it/jackson-test/src/main/resources
[DEBUG] no user filter components
[INFO]
[INFO] --- compiler:3.13.0:compile (default-compile) @ jackson-test ---
[DEBUG] Using mirror maven-default-http-blocker (http://0.0.0.0/) for apache.snapshots (http://repository.apache.org/snapshots).
[DEBUG] Dependency collection stats {ConflictMarker.analyzeTime=76531, ConflictMarker.markTime=69922, ConflictMarker.nodeCount=22, ConflictIdSorter.graphTime=26874, ConflictIdSorter.topsortTime=17700, ConflictIdSorter.conflictIdCount=14, ConflictIdSorter.conflictIdCycleCount=0, ConflictResolver.totalTime=842066, ConflictResolver.conflictItemCount=22, DfDependencyCollector.collectTime=57286382, DfDependencyCollector.transformTime=1055559}
[DEBUG] org.apache.maven.plugins:maven-compiler-plugin:jar:3.13.0
[DEBUG]    org.apache.maven.shared:maven-shared-utils:jar:3.4.2:compile
[DEBUG]       org.slf4j:slf4j-api:jar:1.7.36:compile
[DEBUG]       commons-io:commons-io:jar:2.11.0:compile
[DEBUG]    org.apache.maven.shared:maven-shared-incremental:jar:1.1:compile
[DEBUG]    org.codehaus.plexus:plexus-java:jar:1.2.0:compile
[DEBUG]       org.ow2.asm:asm:jar:9.6:compile
[DEBUG]       com.thoughtworks.qdox:qdox:jar:2.0.3:compile
[DEBUG]    org.codehaus.plexus:plexus-compiler-api:jar:2.15.0:compile
[DEBUG]    org.codehaus.plexus:plexus-compiler-manager:jar:2.15.0:compile
[DEBUG]       javax.inject:javax.inject:jar:1:compile
[DEBUG]       org.codehaus.plexus:plexus-xml:jar:3.0.0:compile (version managed from default)
[DEBUG]    org.codehaus.plexus:plexus-compiler-javac:jar:2.15.0:runtime
[DEBUG]    org.codehaus.plexus:plexus-utils:jar:4.0.0:compile
[DEBUG] Created new class realm plugin>org.apache.maven.plugins:maven-compiler-plugin:3.13.0
[DEBUG] Importing foreign packages into class realm plugin>org.apache.maven.plugins:maven-compiler-plugin:3.13.0
[DEBUG]   Imported:  < maven.api
[DEBUG] Populating class realm plugin>org.apache.maven.plugins:maven-compiler-plugin:3.13.0
[DEBUG]   Included: org.apache.maven.plugins:maven-compiler-plugin:jar:3.13.0
[DEBUG]   Included: org.apache.maven.shared:maven-shared-utils:jar:3.4.2
[DEBUG]   Included: commons-io:commons-io:jar:2.11.0
[DEBUG]   Included: org.apache.maven.shared:maven-shared-incremental:jar:1.1
[DEBUG]   Included: org.codehaus.plexus:plexus-java:jar:1.2.0
[DEBUG]   Included: org.ow2.asm:asm:jar:9.6
[DEBUG]   Included: com.thoughtworks.qdox:qdox:jar:2.0.3
[DEBUG]   Included: org.codehaus.plexus:plexus-compiler-api:jar:2.15.0
[DEBUG]   Included: org.codehaus.plexus:plexus-compiler-manager:jar:2.15.0
[DEBUG]   Included: org.codehaus.plexus:plexus-xml:jar:3.0.0
[DEBUG]   Included: org.codehaus.plexus:plexus-compiler-javac:jar:2.15.0
[DEBUG]   Included: org.codehaus.plexus:plexus-utils:jar:4.0.0
[DEBUG] Loading mojo org.apache.maven.plugins:maven-compiler-plugin:3.13.0:compile from plugin realm ClassRealm[plugin>org.apache.maven.plugins:maven-compiler-plugin:3.13.0, parent: jdk.internal.loader.ClassLoaders$AppClassLoader@c387f44]
[DEBUG] Configuring mojo execution 'org.apache.maven.plugins:maven-compiler-plugin:3.13.0:compile:default-compile' with basic configurator -->
[DEBUG]   (s) groupId = dev.akre
[DEBUG]   (s) artifactId = protege
[DEBUG]   (s) version = 0.0.1-SNAPSHOT
[DEBUG]   (f) annotationProcessorPaths = [dev.akre:protege:0.0.1-SNAPSHOT.jar]
[DEBUG]   (f) annotationProcessorPathsUseDepMgmt = false
[DEBUG]   (f) annotationProcessors = [dev.akre.protege.ProtoCompilerProcessor, dev.akre.protege.ProtoAnnotationProcessor]
[DEBUG]   (f) basedir = /app/target/it/jackson-test
[DEBUG]   (f) buildDirectory = /app/target/it/jackson-test/target
[DEBUG]   (f) compilePath = [/app/target/it/jackson-test/target/classes, /app/target/local-repo/dev/akre/protege/0.0.1-SNAPSHOT/protege-0.0.1-SNAPSHOT.jar, /app/target/local-repo/com/palantir/javapoet/javapoet/0.10.0/javapoet-0.10.0.jar, /app/target/local-repo/javax/annotation/javax.annotation-api/1.3.2/javax.annotation-api-1.3.2.jar, /app/target/local-repo/org/antlr/antlr4-runtime/4.13.2/antlr4-runtime-4.13.2.jar, /app/target/local-repo/com/google/protobuf/protobuf-java/4.28.2/protobuf-java-4.28.2.jar, /app/target/local-repo/com/fasterxml/jackson/core/jackson-databind/2.16.1/jackson-databind-2.16.1.jar, /app/target/local-repo/com/fasterxml/jackson/core/jackson-core/2.16.1/jackson-core-2.16.1.jar, /app/target/local-repo/com/fasterxml/jackson/core/jackson-annotations/2.16.1/jackson-annotations-2.16.1.jar]
[DEBUG]   (f) compileSourceRoots = [/app/target/it/jackson-test/src/main/java]
[DEBUG]   (f) compilerArgs = [-AprotoDir=/app/target/it/jackson-test/src/main/proto]
[DEBUG]   (f) compilerId = javac
[DEBUG]   (f) createMissingPackageInfoClass = true
[DEBUG]   (f) debug = true
[DEBUG]   (f) debugFileName = javac
[DEBUG]   (f) enablePreview = false
[DEBUG]   (f) encoding = UTF-8
[DEBUG]   (f) failOnError = true
[DEBUG]   (f) failOnWarning = false
[DEBUG]   (f) fileExtensions = [jar, class]
[DEBUG]   (f) forceJavacCompilerUse = false
[DEBUG]   (f) forceLegacyJavacApi = false
[DEBUG]   (f) fork = false
[DEBUG]   (f) generatedSourcesDirectory = /app/target/it/jackson-test/target/generated-sources/annotations
[DEBUG]   (f) mojoExecution = org.apache.maven.plugins:maven-compiler-plugin:3.13.0:compile {execution: default-compile}
[DEBUG]   (f) optimize = false
[DEBUG]   (f) outputDirectory = /app/target/it/jackson-test/target/classes
[DEBUG]   (f) parameters = false
[DEBUG]   (f) project = MavenProject: dev.akre.it:jackson-test:0.0.1-SNAPSHOT @ /app/target/it/jackson-test/pom.xml
[DEBUG]   (f) projectArtifact = dev.akre.it:jackson-test:jar:0.0.1-SNAPSHOT
[DEBUG]   (f) session = org.apache.maven.execution.MavenSession@6d099323
[DEBUG]   (f) showCompilationChanges = false
[DEBUG]   (f) showDeprecation = false
[DEBUG]   (f) showWarnings = true
[DEBUG]   (f) skipMultiThreadWarning = false
[DEBUG]   (f) source = 21
[DEBUG]   (f) staleMillis = 0
[DEBUG]   (s) target = 21
[DEBUG]   (f) useIncrementalCompilation = true
[DEBUG]   (f) verbose = false
[DEBUG] -- end configuration --
[DEBUG] Using compiler 'javac'.
[DEBUG] Adding /app/target/it/jackson-test/target/generated-sources/annotations to compile source roots:
  /app/target/it/jackson-test/src/main/java
[DEBUG] New compile source roots:
  /app/target/it/jackson-test/src/main/java
  /app/target/it/jackson-test/target/generated-sources/annotations
[DEBUG] Dependency collection stats {ConflictMarker.analyzeTime=78437, ConflictMarker.markTime=70903, ConflictMarker.nodeCount=6, ConflictIdSorter.graphTime=15051, ConflictIdSorter.topsortTime=14651, ConflictIdSorter.conflictIdCount=5, ConflictIdSorter.conflictIdCycleCount=0, ConflictResolver.totalTime=386204, ConflictResolver.conflictItemCount=5, DfDependencyCollector.collectTime=4160593, DfDependencyCollector.transformTime=586225}
[DEBUG] CompilerReuseStrategy: reuseCreated
[DEBUG] useIncrementalCompilation enabled
[INFO] 	Stale source detected: /app/target/it/jackson-test/src/main/java/dev/akre/it/Dummy.java
[INFO] 	Input tree files (+): /app/target/it/jackson-test/src/main/java/dev/akre/it/Dummy.java
[INFO] Recompiling the module because of changed source code.
[DEBUG] Classpath:
[DEBUG]  /app/target/it/jackson-test/target/classes
[DEBUG]  /app/target/local-repo/dev/akre/protege/0.0.1-SNAPSHOT/protege-0.0.1-SNAPSHOT.jar
[DEBUG]  /app/target/local-repo/com/palantir/javapoet/javapoet/0.10.0/javapoet-0.10.0.jar
[DEBUG]  /app/target/local-repo/javax/annotation/javax.annotation-api/1.3.2/javax.annotation-api-1.3.2.jar
[DEBUG]  /app/target/local-repo/org/antlr/antlr4-runtime/4.13.2/antlr4-runtime-4.13.2.jar
[DEBUG]  /app/target/local-repo/com/google/protobuf/protobuf-java/4.28.2/protobuf-java-4.28.2.jar
[DEBUG]  /app/target/local-repo/com/fasterxml/jackson/core/jackson-databind/2.16.1/jackson-databind-2.16.1.jar
[DEBUG]  /app/target/local-repo/com/fasterxml/jackson/core/jackson-core/2.16.1/jackson-core-2.16.1.jar
[DEBUG]  /app/target/local-repo/com/fasterxml/jackson/core/jackson-annotations/2.16.1/jackson-annotations-2.16.1.jar
[DEBUG] Source roots:
[DEBUG]  /app/target/it/jackson-test/src/main/java
[DEBUG]  /app/target/it/jackson-test/target/generated-sources/annotations
[DEBUG] Command line options:
[DEBUG] -d /app/target/it/jackson-test/target/classes -classpath /app/target/it/jackson-test/target/classes:/app/target/local-repo/dev/akre/protege/0.0.1-SNAPSHOT/protege-0.0.1-SNAPSHOT.jar:/app/target/local-repo/com/palantir/javapoet/javapoet/0.10.0/javapoet-0.10.0.jar:/app/target/local-repo/javax/annotation/javax.annotation-api/1.3.2/javax.annotation-api-1.3.2.jar:/app/target/local-repo/org/antlr/antlr4-runtime/4.13.2/antlr4-runtime-4.13.2.jar:/app/target/local-repo/com/google/protobuf/protobuf-java/4.28.2/protobuf-java-4.28.2.jar:/app/target/local-repo/com/fasterxml/jackson/core/jackson-databind/2.16.1/jackson-databind-2.16.1.jar:/app/target/local-repo/com/fasterxml/jackson/core/jackson-core/2.16.1/jackson-core-2.16.1.jar:/app/target/local-repo/com/fasterxml/jackson/core/jackson-annotations/2.16.1/jackson-annotations-2.16.1.jar: -sourcepath /app/target/it/jackson-test/src/main/java:/app/target/it/jackson-test/target/generated-sources/annotations: -s /app/target/it/jackson-test/target/generated-sources/annotations -processor dev.akre.protege.ProtoCompilerProcessor,dev.akre.protege.ProtoAnnotationProcessor -processorpath /app/target/local-repo/dev/akre/protege/0.0.1-SNAPSHOT/protege-0.0.1-SNAPSHOT.jar:/app/target/local-repo/com/palantir/javapoet/javapoet/0.10.0/javapoet-0.10.0.jar:/app/target/local-repo/com/google/protobuf/protobuf-java/4.28.2/protobuf-java-4.28.2.jar:/app/target/local-repo/javax/annotation/javax.annotation-api/1.3.2/javax.annotation-api-1.3.2.jar:/app/target/local-repo/org/antlr/antlr4-runtime/4.13.2/antlr4-runtime-4.13.2.jar: -g -target 21 -source 21 -encoding UTF-8 -AprotoDir=/app/target/it/jackson-test/src/main/proto -XDuseUnsharedTable=true
[DEBUG] incrementalBuildHelper#beforeRebuildExecution
[INFO] Compiling 1 source file with javac [debug target 21] to target/classes
[DEBUG] incrementalBuildHelper#afterRebuildExecution
[INFO] /app/target/it/jackson-test/target/generated-sources/annotations/dev/akre/it/Jackson.java: /app/target/it/jackson-test/target/generated-sources/annotations/dev/akre/it/Jackson.java uses unchecked or unsafe operations.
[INFO] /app/target/it/jackson-test/target/generated-sources/annotations/dev/akre/it/Jackson.java: Recompile with -Xlint:unchecked for details.
[INFO]
[INFO] --- resources:3.3.1:testResources (default-testResources) @ jackson-test ---
[DEBUG] Loading mojo org.apache.maven.plugins:maven-resources-plugin:3.3.1:testResources from plugin realm ClassRealm[plugin>org.apache.maven.plugins:maven-resources-plugin:3.3.1, parent: jdk.internal.loader.ClassLoaders$AppClassLoader@c387f44]
[DEBUG] Configuring mojo execution 'org.apache.maven.plugins:maven-resources-plugin:3.3.1:testResources:default-testResources' with basic configurator -->
[DEBUG]   (f) addDefaultExcludes = true
[DEBUG]   (f) buildFilters = []
[DEBUG]   (f) encoding = UTF-8
[DEBUG]   (f) escapeWindowsPaths = true
[DEBUG]   (f) fileNameFiltering = false
[DEBUG]   (s) includeEmptyDirs = false
[DEBUG]   (s) outputDirectory = /app/target/it/jackson-test/target/test-classes
[DEBUG]   (s) overwrite = false
[DEBUG]   (f) project = MavenProject: dev.akre.it:jackson-test:0.0.1-SNAPSHOT @ /app/target/it/jackson-test/pom.xml
[DEBUG]   (s) resources = [Resource {targetPath: null, filtering: false, FileSet {directory: /app/target/it/jackson-test/src/test/resources, PatternSet [includes: {}, excludes: {}]}}]
[DEBUG]   (f) session = org.apache.maven.execution.MavenSession@6d099323
[DEBUG]   (f) skip = false
[DEBUG]   (f) supportMultiLineFiltering = false
[DEBUG]   (f) useBuildFilters = true
[DEBUG]   (s) useDefaultDelimiters = true
[DEBUG] -- end configuration --
[DEBUG] properties used:
[DEBUG] classworlds.conf: /usr/share/apache-maven-3.9.12/bin/m2.conf
[DEBUG] env.ANDROID_HOME: /opt/android-sdk
[DEBUG] env.BUN_INSTALL: /usr/local/bun
[DEBUG] env.CHROME_EXECUTABLE: /usr/bin/google-chrome
[DEBUG] env.DEBUGINFOD_URLS: https://debuginfod.ubuntu.com
[DEBUG] env.DOTNET_BUNDLE_EXTRACT_BASE_DIR: /home/jules/.cache/dotnet_bundle_extract
[DEBUG] env.DOTNET_ROOT: /usr/lib/dotnet
[DEBUG] env.FLUTTER_HOME: /opt/flutter
[DEBUG] env.GIT_TERMINAL_PROMPT: 0
[DEBUG] env.HOME: /home/jules
[DEBUG] env.JAVA_HOME: /usr/lib/jvm/java-21-openjdk-amd64
[DEBUG] env.JULES_SESSION_ID: 5424382713137291221
[DEBUG] env.LANG: C.UTF-8
[DEBUG] env.LESSCLOSE: /usr/bin/lesspipe %s %s
[DEBUG] env.LESSOPEN: | /usr/bin/lesspipe %s
[DEBUG] env.LOGNAME: jules
[DEBUG] env.LS_COLORS: rs=0:di=01;34:ln=01;36:mh=00:pi=40;33:so=01;35:do=01;35:bd=40;33;01:cd=40;33;01:or=40;31;01:mi=00:su=37;41:sg=30;43:ca=00:tw=30;42:ow=34;42:st=37;44:ex=01;32:*.tar=01;31:*.tgz=01;31:*.arc=01;31:*.arj=01;31:*.taz=01;31:*.lha=01;31:*.lz4=01;31:*.lzh=01;31:*.lzma=01;31:*.tlz=01;31:*.txz=01;31:*.tzo=01;31:*.t7z=01;31:*.zip=01;31:*.z=01;31:*.dz=01;31:*.gz=01;31:*.lrz=01;31:*.lz=01;31:*.lzo=01;31:*.xz=01;31:*.zst=01;31:*.tzst=01;31:*.bz2=01;31:*.bz=01;31:*.tbz=01;31:*.tbz2=01;31:*.tz=01;31:*.deb=01;31:*.rpm=01;31:*.jar=01;31:*.war=01;31:*.ear=01;31:*.sar=01;31:*.rar=01;31:*.alz=01;31:*.ace=01;31:*.zoo=01;31:*.cpio=01;31:*.7z=01;31:*.rz=01;31:*.cab=01;31:*.wim=01;31:*.swm=01;31:*.dwm=01;31:*.esd=01;31:*.avif=01;35:*.jpg=01;35:*.jpeg=01;35:*.mjpg=01;35:*.mjpeg=01;35:*.gif=01;35:*.bmp=01;35:*.pbm=01;35:*.pgm=01;35:*.ppm=01;35:*.tga=01;35:*.xbm=01;35:*.xpm=01;35:*.tif=01;35:*.tiff=01;35:*.png=01;35:*.svg=01;35:*.svgz=01;35:*.mng=01;35:*.pcx=01;35:*.mov=01;35:*.mpg=01;35:*.mpeg=01;35:*.m2v=01;35:*.mkv=01;35:*.webm=01;35:*.webp=01;35:*.ogm=01;35:*.mp4=01;35:*.m4v=01;35:*.mp4v=01;35:*.vob=01;35:*.qt=01;35:*.nuv=01;35:*.wmv=01;35:*.asf=01;35:*.rm=01;35:*.rmvb=01;35:*.flc=01;35:*.avi=01;35:*.fli=01;35:*.flv=01;35:*.gl=01;35:*.dl=01;35:*.xcf=01;35:*.xwd=01;35:*.yuv=01;35:*.cgm=01;35:*.emf=01;35:*.ogv=01;35:*.ogx=01;35:*.aac=00;36:*.au=00;36:*.flac=00;36:*.m4a=00;36:*.mid=00;36:*.midi=00;36:*.mka=00;36:*.mp3=00;36:*.mpc=00;36:*.ogg=00;36:*.ra=00;36:*.wav=00;36:*.oga=00;36:*.opus=00;36:*.spx=00;36:*.xspf=00;36:*~=00;90:*#=00;90:*.bak=00;90:*.crdownload=00;90:*.dpkg-dist=00;90:*.dpkg-new=00;90:*.dpkg-old=00;90:*.dpkg-tmp=00;90:*.old=00;90:*.orig=00;90:*.part=00;90:*.rej=00;90:*.rpmnew=00;90:*.rpmorig=00;90:*.rpmsave=00;90:*.swp=00;90:*.tmp=00;90:*.ucf-dist=00;90:*.ucf-new=00;90:*.ucf-old=00;90:
[DEBUG] env.MAIL: /var/mail/jules
[DEBUG] env.MAVEN_CMD_LINE_ARGS:  -B -X -D maven.repo.local=/app/target/local-repo -s /app/target/it/interpolated-settings.xml clean verify
[DEBUG] env.MAVEN_PROJECTBASEDIR: /app/target/it/jackson-test
[DEBUG] env.NVM_BIN: /home/jules/.nvm/versions/node/v22.22.0/bin
[DEBUG] env.NVM_CD_FLAGS:
[DEBUG] env.NVM_DIR: /home/jules/.nvm
[DEBUG] env.NVM_INC: /home/jules/.nvm/versions/node/v22.22.0/include/node
[DEBUG] env.OLDPWD: /app/target/it/jackson-test
[DEBUG] env.PATH: /home/jules/.nvm/versions/node/v22.22.0/bin:/home/jules/.pyenv/shims:/home/jules/.pyenv/bin:/home/jules/.local/bin:/opt/flutter/bin:/usr/lib/dotnet:/opt/android-sdk/cmdline-tools/latest/bin:/opt/android-sdk/platform-tools:/go/bin:/usr/local/go/bin:/usr/share/gradle/bin:/usr/share/maven/bin:/home/jules/.local/bin:/home/jules/.cargo/bin:/usr/local/bun/bin:/usr/local/sbin:/usr/local/bin:/usr/sbin:/usr/bin:/sbin:/bin:/snap/bin:/home/jules/.dotnet/tools
[DEBUG] env.PWD: /app/target/it/jackson-test
[DEBUG] env.SHELL: /bin/bash
[DEBUG] env.SHLVL: 2
[DEBUG] env.SUDO_COMMAND: /usr/bin/bash -c echo "${BASHPID}"
tmux new-session -d -s 'default' -c /app -e JULES_SESSION_ID=5424382713137291221 -e GIT_TERMINAL_PROMPT=0 && tmux set-option remain-on-exit on
[DEBUG] env.SUDO_GID: 1001
[DEBUG] env.SUDO_UID: 1001
[DEBUG] env.SUDO_USER: jules
[DEBUG] env.TERM: tmux-256color
[DEBUG] env.TERM_PROGRAM: tmux
[DEBUG] env.TERM_PROGRAM_VERSION: 3.4
[DEBUG] env.TMUX: /tmp/tmux-1001/default,1297,0
[DEBUG] env.TMUX_PANE: %0
[DEBUG] env.USER: jules
[DEBUG] env._: /usr/share/maven/bin/mvn
[DEBUG] file.encoding: UTF-8
[DEBUG] file.separator: /
[DEBUG] java.class.path: /usr/share/apache-maven-3.9.12/boot/plexus-classworlds-2.9.0.jar
[DEBUG] java.class.version: 65.0
[DEBUG] java.home: /usr/lib/jvm/java-21-openjdk-amd64
[DEBUG] java.io.tmpdir: /tmp
[DEBUG] java.library.path: /usr/java/packages/lib:/usr/lib/x86_64-linux-gnu/jni:/lib/x86_64-linux-gnu:/usr/lib/x86_64-linux-gnu:/usr/lib/jni:/lib:/usr/lib
[DEBUG] java.runtime.name: OpenJDK Runtime Environment
[DEBUG] java.runtime.version: 21.0.9+10-Ubuntu-124.04
[DEBUG] java.specification.name: Java Platform API Specification
[DEBUG] java.specification.vendor: Oracle Corporation
[DEBUG] java.specification.version: 21
[DEBUG] java.vendor: Ubuntu
[DEBUG] java.vendor.url: https://ubuntu.com/
[DEBUG] java.vendor.url.bug: https://bugs.launchpad.net/ubuntu/+source/openjdk-21
[DEBUG] java.version: 21.0.9
[DEBUG] java.version.date: 2025-10-21
[DEBUG] java.vm.compressedOopsMode: 32-bit
[DEBUG] java.vm.info: mixed mode, sharing
[DEBUG] java.vm.name: OpenJDK 64-Bit Server VM
[DEBUG] java.vm.specification.name: Java Virtual Machine Specification
[DEBUG] java.vm.specification.vendor: Oracle Corporation
[DEBUG] java.vm.specification.version: 21
[DEBUG] java.vm.vendor: Ubuntu
[DEBUG] java.vm.version: 21.0.9+10-Ubuntu-124.04
[DEBUG] jdk.debug: release
[DEBUG] library.jansi.path: /usr/share/apache-maven-3.9.12/lib/jansi-native
[DEBUG] line.separator:

[DEBUG] maven.build.timestamp: 2026-01-27T04:00:06Z
[DEBUG] maven.build.version: Apache Maven 3.9.12 (848fbb4bf2d427b72bdb2471c22fced7ebd9a7a1)
[DEBUG] maven.compiler.source: 21
[DEBUG] maven.compiler.target: 21
[DEBUG] maven.conf: /usr/share/apache-maven-3.9.12/conf
[DEBUG] maven.home: /usr/share/apache-maven-3.9.12
[DEBUG] maven.multiModuleProjectDirectory: /app/target/it/jackson-test
[DEBUG] maven.repo.local: /app/target/local-repo
[DEBUG] maven.version: 3.9.12
[DEBUG] native.encoding: UTF-8
[DEBUG] os.arch: amd64
[DEBUG] os.name: Linux
[DEBUG] os.version: 6.8.0
[DEBUG] path.separator: :
[DEBUG] project.baseUri: file:/app/target/it/jackson-test/
[DEBUG] project.build.sourceEncoding: UTF-8
[DEBUG] stderr.encoding: UTF-8
[DEBUG] stdout.encoding: UTF-8
[DEBUG] sun.arch.data.model: 64
[DEBUG] sun.boot.library.path: /usr/lib/jvm/java-21-openjdk-amd64/lib
[DEBUG] sun.cpu.endian: little
[DEBUG] sun.io.unicode.encoding: UnicodeLittle
[DEBUG] sun.java.command: org.codehaus.plexus.classworlds.launcher.Launcher -B -X -D maven.repo.local=/app/target/local-repo -s /app/target/it/interpolated-settings.xml clean verify
[DEBUG] sun.java.launcher: SUN_STANDARD
[DEBUG] sun.jnu.encoding: UTF-8
[DEBUG] sun.management.compiler: HotSpot 64-Bit Tiered Compilers
[DEBUG] user.dir: /app/target/it/jackson-test
[DEBUG] user.home: /home/jules
[DEBUG] user.language: en
[DEBUG] user.name: jules
[DEBUG] Using 'UTF-8' encoding to copy filtered resources.
[DEBUG] Using 'UTF-8' encoding to copy filtered properties files.
[DEBUG] resource with targetPath null
directory /app/target/it/jackson-test/src/test/resources
excludes []
includes []
[INFO] skip non existing resourceDirectory /app/target/it/jackson-test/src/test/resources
[DEBUG] no user filter components
[INFO]
[INFO] --- compiler:3.13.0:testCompile (default-testCompile) @ jackson-test ---
[DEBUG] Loading mojo org.apache.maven.plugins:maven-compiler-plugin:3.13.0:testCompile from plugin realm ClassRealm[plugin>org.apache.maven.plugins:maven-compiler-plugin:3.13.0, parent: jdk.internal.loader.ClassLoaders$AppClassLoader@c387f44]
[DEBUG] Configuring mojo execution 'org.apache.maven.plugins:maven-compiler-plugin:3.13.0:testCompile:default-testCompile' with basic configurator -->
[DEBUG]   (s) groupId = dev.akre
[DEBUG]   (s) artifactId = protege
[DEBUG]   (s) version = 0.0.1-SNAPSHOT
[DEBUG]   (f) annotationProcessorPaths = [dev.akre:protege:0.0.1-SNAPSHOT.jar]
[DEBUG]   (f) annotationProcessorPathsUseDepMgmt = false
[DEBUG]   (f) annotationProcessors = [dev.akre.protege.ProtoCompilerProcessor, dev.akre.protege.ProtoAnnotationProcessor]
[DEBUG]   (f) basedir = /app/target/it/jackson-test
[DEBUG]   (f) buildDirectory = /app/target/it/jackson-test/target
[DEBUG]   (f) compileSourceRoots = [/app/target/it/jackson-test/src/test/java]
[DEBUG]   (f) compilerArgs = [-AprotoDir=/app/target/it/jackson-test/src/main/proto]
[DEBUG]   (f) compilerId = javac
[DEBUG]   (f) createMissingPackageInfoClass = true
[DEBUG]   (f) debug = true
[DEBUG]   (f) debugFileName = javac-test
[DEBUG]   (f) enablePreview = false
[DEBUG]   (f) encoding = UTF-8
[DEBUG]   (f) failOnError = true
[DEBUG]   (f) failOnWarning = false
[DEBUG]   (f) fileExtensions = [jar, class]
[DEBUG]   (f) forceJavacCompilerUse = false
[DEBUG]   (f) forceLegacyJavacApi = false
[DEBUG]   (f) fork = false
[DEBUG]   (f) generatedTestSourcesDirectory = /app/target/it/jackson-test/target/generated-test-sources/test-annotations
[DEBUG]   (f) mojoExecution = org.apache.maven.plugins:maven-compiler-plugin:3.13.0:testCompile {execution: default-testCompile}
[DEBUG]   (f) optimize = false
[DEBUG]   (f) outputDirectory = /app/target/it/jackson-test/target/test-classes
[DEBUG]   (f) parameters = false
[DEBUG]   (f) project = MavenProject: dev.akre.it:jackson-test:0.0.1-SNAPSHOT @ /app/target/it/jackson-test/pom.xml
[DEBUG]   (f) session = org.apache.maven.execution.MavenSession@6d099323
[DEBUG]   (f) showCompilationChanges = false
[DEBUG]   (f) showDeprecation = false
[DEBUG]   (f) showWarnings = true
[DEBUG]   (f) skipMultiThreadWarning = false
[DEBUG]   (f) source = 21
[DEBUG]   (f) staleMillis = 0
[DEBUG]   (s) target = 21
[DEBUG]   (f) testPath = [/app/target/it/jackson-test/target/test-classes, /app/target/it/jackson-test/target/classes, /app/target/local-repo/dev/akre/protege/0.0.1-SNAPSHOT/protege-0.0.1-SNAPSHOT.jar, /app/target/local-repo/com/palantir/javapoet/javapoet/0.10.0/javapoet-0.10.0.jar, /app/target/local-repo/javax/annotation/javax.annotation-api/1.3.2/javax.annotation-api-1.3.2.jar, /app/target/local-repo/org/antlr/antlr4-runtime/4.13.2/antlr4-runtime-4.13.2.jar, /app/target/local-repo/com/google/protobuf/protobuf-java/4.28.2/protobuf-java-4.28.2.jar, /app/target/local-repo/org/junit/jupiter/junit-jupiter-api/5.8.2/junit-jupiter-api-5.8.2.jar, /app/target/local-repo/org/opentest4j/opentest4j/1.2.0/opentest4j-1.2.0.jar, /app/target/local-repo/org/junit/platform/junit-platform-commons/1.8.2/junit-platform-commons-1.8.2.jar, /app/target/local-repo/org/apiguardian/apiguardian-api/1.1.2/apiguardian-api-1.1.2.jar, /app/target/local-repo/org/assertj/assertj-core/3.27.7/assertj-core-3.27.7.jar, /app/target/local-repo/net/bytebuddy/byte-buddy/1.18.3/byte-buddy-1.18.3.jar, /app/target/local-repo/com/fasterxml/jackson/core/jackson-databind/2.16.1/jackson-databind-2.16.1.jar, /app/target/local-repo/com/fasterxml/jackson/core/jackson-core/2.16.1/jackson-core-2.16.1.jar, /app/target/local-repo/com/fasterxml/jackson/core/jackson-annotations/2.16.1/jackson-annotations-2.16.1.jar]
[DEBUG]   (f) useIncrementalCompilation = true
[DEBUG]   (f) useModulePath = true
[DEBUG]   (f) verbose = false
[DEBUG] -- end configuration --
[DEBUG] Using compiler 'javac'.
[DEBUG] Adding /app/target/it/jackson-test/target/generated-test-sources/test-annotations to test-compile source roots:
  /app/target/it/jackson-test/src/test/java
[DEBUG] New test-compile source roots:
  /app/target/it/jackson-test/src/test/java
  /app/target/it/jackson-test/target/generated-test-sources/test-annotations
[DEBUG] Dependency collection stats {ConflictMarker.analyzeTime=102667, ConflictMarker.markTime=61569, ConflictMarker.nodeCount=6, ConflictIdSorter.graphTime=62490, ConflictIdSorter.topsortTime=16015, ConflictIdSorter.conflictIdCount=5, ConflictIdSorter.conflictIdCycleCount=0, ConflictResolver.totalTime=485867, ConflictResolver.conflictItemCount=5, DfDependencyCollector.collectTime=1252301, DfDependencyCollector.transformTime=752601}
[DEBUG] CompilerReuseStrategy: reuseCreated
[DEBUG] useIncrementalCompilation enabled
[INFO] 	New dependency detected: /app/target/it/jackson-test/target/classes/dev/akre/it/Jackson.class
[INFO] 	Stale source detected: /app/target/it/jackson-test/src/test/java/dev/akre/it/JacksonTest.java
[INFO] 	Input tree files (+): /app/target/it/jackson-test/src/test/java/dev/akre/it/JacksonTest.java
[INFO] Recompiling the module because of changed dependency.
[DEBUG] Classpath:
[DEBUG]  /app/target/it/jackson-test/target/test-classes
[DEBUG]  /app/target/it/jackson-test/target/classes
[DEBUG]  /app/target/local-repo/dev/akre/protege/0.0.1-SNAPSHOT/protege-0.0.1-SNAPSHOT.jar
[DEBUG]  /app/target/local-repo/com/palantir/javapoet/javapoet/0.10.0/javapoet-0.10.0.jar
[DEBUG]  /app/target/local-repo/javax/annotation/javax.annotation-api/1.3.2/javax.annotation-api-1.3.2.jar
[DEBUG]  /app/target/local-repo/org/antlr/antlr4-runtime/4.13.2/antlr4-runtime-4.13.2.jar
[DEBUG]  /app/target/local-repo/com/google/protobuf/protobuf-java/4.28.2/protobuf-java-4.28.2.jar
[DEBUG]  /app/target/local-repo/org/junit/jupiter/junit-jupiter-api/5.8.2/junit-jupiter-api-5.8.2.jar
[DEBUG]  /app/target/local-repo/org/opentest4j/opentest4j/1.2.0/opentest4j-1.2.0.jar
[DEBUG]  /app/target/local-repo/org/junit/platform/junit-platform-commons/1.8.2/junit-platform-commons-1.8.2.jar
[DEBUG]  /app/target/local-repo/org/apiguardian/apiguardian-api/1.1.2/apiguardian-api-1.1.2.jar
[DEBUG]  /app/target/local-repo/org/assertj/assertj-core/3.27.7/assertj-core-3.27.7.jar
[DEBUG]  /app/target/local-repo/net/bytebuddy/byte-buddy/1.18.3/byte-buddy-1.18.3.jar
[DEBUG]  /app/target/local-repo/com/fasterxml/jackson/core/jackson-databind/2.16.1/jackson-databind-2.16.1.jar
[DEBUG]  /app/target/local-repo/com/fasterxml/jackson/core/jackson-core/2.16.1/jackson-core-2.16.1.jar
[DEBUG]  /app/target/local-repo/com/fasterxml/jackson/core/jackson-annotations/2.16.1/jackson-annotations-2.16.1.jar
[DEBUG] Source roots:
[DEBUG]  /app/target/it/jackson-test/src/test/java
[DEBUG]  /app/target/it/jackson-test/target/generated-test-sources/test-annotations
[DEBUG] Command line options:
[DEBUG] -d /app/target/it/jackson-test/target/test-classes -classpath /app/target/it/jackson-test/target/test-classes:/app/target/it/jackson-test/target/classes:/app/target/local-repo/dev/akre/protege/0.0.1-SNAPSHOT/protege-0.0.1-SNAPSHOT.jar:/app/target/local-repo/com/palantir/javapoet/javapoet/0.10.0/javapoet-0.10.0.jar:/app/target/local-repo/javax/annotation/javax.annotation-api/1.3.2/javax.annotation-api-1.3.2.jar:/app/target/local-repo/org/antlr/antlr4-runtime/4.13.2/antlr4-runtime-4.13.2.jar:/app/target/local-repo/com/google/protobuf/protobuf-java/4.28.2/protobuf-java-4.28.2.jar:/app/target/local-repo/org/junit/jupiter/junit-jupiter-api/5.8.2/junit-jupiter-api-5.8.2.jar:/app/target/local-repo/org/opentest4j/opentest4j/1.2.0/opentest4j-1.2.0.jar:/app/target/local-repo/org/junit/platform/junit-platform-commons/1.8.2/junit-platform-commons-1.8.2.jar:/app/target/local-repo/org/apiguardian/apiguardian-api/1.1.2/apiguardian-api-1.1.2.jar:/app/target/local-repo/org/assertj/assertj-core/3.27.7/assertj-core-3.27.7.jar:/app/target/local-repo/net/bytebuddy/byte-buddy/1.18.3/byte-buddy-1.18.3.jar:/app/target/local-repo/com/fasterxml/jackson/core/jackson-databind/2.16.1/jackson-databind-2.16.1.jar:/app/target/local-repo/com/fasterxml/jackson/core/jackson-core/2.16.1/jackson-core-2.16.1.jar:/app/target/local-repo/com/fasterxml/jackson/core/jackson-annotations/2.16.1/jackson-annotations-2.16.1.jar: -sourcepath /app/target/it/jackson-test/src/test/java:/app/target/it/jackson-test/target/generated-test-sources/test-annotations: -s /app/target/it/jackson-test/target/generated-test-sources/test-annotations -processor dev.akre.protege.ProtoCompilerProcessor,dev.akre.protege.ProtoAnnotationProcessor -processorpath /app/target/local-repo/dev/akre/protege/0.0.1-SNAPSHOT/protege-0.0.1-SNAPSHOT.jar:/app/target/local-repo/com/palantir/javapoet/javapoet/0.10.0/javapoet-0.10.0.jar:/app/target/local-repo/com/google/protobuf/protobuf-java/4.28.2/protobuf-java-4.28.2.jar:/app/target/local-repo/javax/annotation/javax.annotation-api/1.3.2/javax.annotation-api-1.3.2.jar:/app/target/local-repo/org/antlr/antlr4-runtime/4.13.2/antlr4-runtime-4.13.2.jar: -g -target 21 -source 21 -encoding UTF-8 -AprotoDir=/app/target/it/jackson-test/src/main/proto -XDuseUnsharedTable=true
[DEBUG] incrementalBuildHelper#beforeRebuildExecution
[INFO] Compiling 1 source file with javac [debug target 21] to target/test-classes
[DEBUG] incrementalBuildHelper#afterRebuildExecution
[INFO] /app/target/it/jackson-test/target/generated-test-sources/test-annotations/dev/akre/it/Jackson.java: /app/target/it/jackson-test/target/generated-test-sources/test-annotations/dev/akre/it/Jackson.java uses unchecked or unsafe operations.
[INFO] /app/target/it/jackson-test/target/generated-test-sources/test-annotations/dev/akre/it/Jackson.java: Recompile with -Xlint:unchecked for details.
[INFO] -------------------------------------------------------------
[ERROR] COMPILATION ERROR :
[INFO] -------------------------------------------------------------
[ERROR] /app/target/it/jackson-test/src/test/java/dev/akre/it/JacksonTest.java:[19,26] cannot find symbol
  symbol:   class SingleFieldMessage
  location: class dev.akre.it.JacksonTest
[ERROR] /app/target/it/jackson-test/src/test/java/dev/akre/it/JacksonTest.java:[22,75] package SingleFieldMessage does not exist
[ERROR] /app/target/it/jackson-test/src/test/java/dev/akre/it/JacksonTest.java:[28,51] package SingleFieldMessage does not exist
[ERROR] /app/target/it/jackson-test/src/test/java/dev/akre/it/JacksonTest.java:[36,25] cannot find symbol
  symbol:   class SingleFieldMessage
  location: class dev.akre.it.JacksonTest
[ERROR] /app/target/it/jackson-test/src/test/java/dev/akre/it/JacksonTest.java:[37,27] cannot find symbol
  symbol:   method hasAnnotation(java.lang.Class<com.fasterxml.jackson.annotation.JsonValue>)
  location: class org.assertj.core.api.ObjectAssert<java.lang.reflect.Method>
[ERROR] /app/target/it/jackson-test/src/test/java/dev/akre/it/JacksonTest.java:[43,9] cannot find symbol
  symbol:   class SingleFieldMessage
  location: class dev.akre.it.JacksonTest
[ERROR] /app/target/it/jackson-test/src/test/java/dev/akre/it/JacksonTest.java:[43,38] cannot find symbol
  symbol:   variable SingleFieldMessage
  location: class dev.akre.it.JacksonTest
[ERROR] /app/target/it/jackson-test/src/test/java/dev/akre/it/JacksonTest.java:[52,26] cannot find symbol
  symbol:   class MultiFieldMessage
  location: class dev.akre.it.JacksonTest
[ERROR] /app/target/it/jackson-test/src/test/java/dev/akre/it/JacksonTest.java:[53,28] cannot find symbol
  symbol:   method hasAnnotation(java.lang.Class<com.fasterxml.jackson.annotation.JsonValue>)
  location: class org.assertj.core.api.ObjectAssert<java.lang.reflect.Method>
[ERROR] /app/target/it/jackson-test/src/test/java/dev/akre/it/JacksonTest.java:[55,26] cannot find symbol
  symbol:   class MultiFieldMessage
  location: class dev.akre.it.JacksonTest
[ERROR] /app/target/it/jackson-test/src/test/java/dev/akre/it/JacksonTest.java:[56,28] cannot find symbol
  symbol:   method hasAnnotation(java.lang.Class<com.fasterxml.jackson.annotation.JsonValue>)
  location: class org.assertj.core.api.ObjectAssert<java.lang.reflect.Method>
[ERROR] /app/target/it/jackson-test/src/test/java/dev/akre/it/JacksonTest.java:[60,9] cannot find symbol
  symbol:   class MultiFieldMessage
  location: class dev.akre.it.JacksonTest
[ERROR] /app/target/it/jackson-test/src/test/java/dev/akre/it/JacksonTest.java:[60,37] cannot find symbol
  symbol:   variable MultiFieldMessage
  location: class dev.akre.it.JacksonTest
[INFO] 13 errors
[INFO] -------------------------------------------------------------
[INFO] ------------------------------------------------------------------------
[INFO] BUILD FAILURE
[INFO] ------------------------------------------------------------------------
[INFO] Total time:  4.525 s
[INFO] Finished at: 2026-01-27T04:00:07Z
[INFO] ------------------------------------------------------------------------
[ERROR] Failed to execute goal org.apache.maven.plugins:maven-compiler-plugin:3.13.0:testCompile (default-testCompile) on project jackson-test: Compilation failure: Compilation failure:
[ERROR] /app/target/it/jackson-test/src/test/java/dev/akre/it/JacksonTest.java:[19,26] cannot find symbol
[ERROR]   symbol:   class SingleFieldMessage
[ERROR]   location: class dev.akre.it.JacksonTest
[ERROR] /app/target/it/jackson-test/src/test/java/dev/akre/it/JacksonTest.java:[22,75] package SingleFieldMessage does not exist
[ERROR] /app/target/it/jackson-test/src/test/java/dev/akre/it/JacksonTest.java:[28,51] package SingleFieldMessage does not exist
[ERROR] /app/target/it/jackson-test/src/test/java/dev/akre/it/JacksonTest.java:[36,25] cannot find symbol
[ERROR]   symbol:   class SingleFieldMessage
[ERROR]   location: class dev.akre.it.JacksonTest
[ERROR] /app/target/it/jackson-test/src/test/java/dev/akre/it/JacksonTest.java:[37,27] cannot find symbol
[ERROR]   symbol:   method hasAnnotation(java.lang.Class<com.fasterxml.jackson.annotation.JsonValue>)
[ERROR]   location: class org.assertj.core.api.ObjectAssert<java.lang.reflect.Method>
[ERROR] /app/target/it/jackson-test/src/test/java/dev/akre/it/JacksonTest.java:[43,9] cannot find symbol
[ERROR]   symbol:   class SingleFieldMessage
[ERROR]   location: class dev.akre.it.JacksonTest
[ERROR] /app/target/it/jackson-test/src/test/java/dev/akre/it/JacksonTest.java:[43,38] cannot find symbol
[ERROR]   symbol:   variable SingleFieldMessage
[ERROR]   location: class dev.akre.it.JacksonTest
[ERROR] /app/target/it/jackson-test/src/test/java/dev/akre/it/JacksonTest.java:[52,26] cannot find symbol
[ERROR]   symbol:   class MultiFieldMessage
[ERROR]   location: class dev.akre.it.JacksonTest
[ERROR] /app/target/it/jackson-test/src/test/java/dev/akre/it/JacksonTest.java:[53,28] cannot find symbol
[ERROR]   symbol:   method hasAnnotation(java.lang.Class<com.fasterxml.jackson.annotation.JsonValue>)
[ERROR]   location: class org.assertj.core.api.ObjectAssert<java.lang.reflect.Method>
[ERROR] /app/target/it/jackson-test/src/test/java/dev/akre/it/JacksonTest.java:[55,26] cannot find symbol
[ERROR]   symbol:   class MultiFieldMessage
[ERROR]   location: class dev.akre.it.JacksonTest
[ERROR] /app/target/it/jackson-test/src/test/java/dev/akre/it/JacksonTest.java:[56,28] cannot find symbol
[ERROR]   symbol:   method hasAnnotation(java.lang.Class<com.fasterxml.jackson.annotation.JsonValue>)
[ERROR]   location: class org.assertj.core.api.ObjectAssert<java.lang.reflect.Method>
[ERROR] /app/target/it/jackson-test/src/test/java/dev/akre/it/JacksonTest.java:[60,9] cannot find symbol
[ERROR]   symbol:   class MultiFieldMessage
[ERROR]   location: class dev.akre.it.JacksonTest
[ERROR] /app/target/it/jackson-test/src/test/java/dev/akre/it/JacksonTest.java:[60,37] cannot find symbol
[ERROR]   symbol:   variable MultiFieldMessage
[ERROR]   location: class dev.akre.it.JacksonTest
[ERROR] -> [Help 1]
org.apache.maven.lifecycle.LifecycleExecutionException: Failed to execute goal org.apache.maven.plugins:maven-compiler-plugin:3.13.0:testCompile (default-testCompile) on project jackson-test: Compilation failure
    at org.apache.maven.lifecycle.internal.MojoExecutor.doExecute2 (MojoExecutor.java:333)
    at org.apache.maven.lifecycle.internal.MojoExecutor.doExecute (MojoExecutor.java:316)
    at org.apache.maven.lifecycle.internal.MojoExecutor.execute (MojoExecutor.java:212)
    at org.apache.maven.lifecycle.internal.MojoExecutor.execute (MojoExecutor.java:174)
    at org.apache.maven.lifecycle.internal.MojoExecutor.access$000 (MojoExecutor.java:75)
    at org.apache.maven.lifecycle.internal.MojoExecutor$1.run (MojoExecutor.java:162)
    at org.apache.maven.plugin.DefaultMojosExecutionStrategy.execute (DefaultMojosExecutionStrategy.java:39)
    at org.apache.maven.lifecycle.internal.MojoExecutor.execute (MojoExecutor.java:159)
    at org.apache.maven.lifecycle.internal.LifecycleModuleBuilder.buildProject (LifecycleModuleBuilder.java:105)
    at org.apache.maven.lifecycle.internal.LifecycleModuleBuilder.buildProject (LifecycleModuleBuilder.java:73)
    at org.apache.maven.lifecycle.internal.builder.singlethreaded.SingleThreadedBuilder.build (SingleThreadedBuilder.java:53)
    at org.apache.maven.lifecycle.internal.LifecycleStarter.execute (LifecycleStarter.java:118)
    at org.apache.maven.DefaultMaven.doExecute (DefaultMaven.java:261)
    at org.apache.maven.DefaultMaven.doExecute (DefaultMaven.java:173)
    at org.apache.maven.DefaultMaven.execute (DefaultMaven.java:101)
    at org.apache.maven.cli.MavenCli.execute (MavenCli.java:919)
    at org.apache.maven.cli.MavenCli.doMain (MavenCli.java:285)
    at org.apache.maven.cli.MavenCli.main (MavenCli.java:207)
    at jdk.internal.reflect.DirectMethodHandleAccessor.invoke (DirectMethodHandleAccessor.java:103)
    at java.lang.reflect.Method.invoke (Method.java:580)
    at org.codehaus.plexus.classworlds.launcher.Launcher.launchEnhanced (Launcher.java:255)
    at org.codehaus.plexus.classworlds.launcher.Launcher.launch (Launcher.java:201)
    at org.codehaus.plexus.classworlds.launcher.Launcher.mainWithExitCode (Launcher.java:361)
    at org.codehaus.plexus.classworlds.launcher.Launcher.main (Launcher.java:314)
Caused by: org.apache.maven.plugin.compiler.CompilationFailureException: Compilation failure
    at org.apache.maven.plugin.compiler.AbstractCompilerMojo.execute (AbstractCompilerMojo.java:1309)
    at org.apache.maven.plugin.compiler.TestCompilerMojo.execute (TestCompilerMojo.java:208)
    at org.apache.maven.plugin.DefaultBuildPluginManager.executeMojo (DefaultBuildPluginManager.java:126)
    at org.apache.maven.lifecycle.internal.MojoExecutor.doExecute2 (MojoExecutor.java:328)
    at org.apache.maven.lifecycle.internal.MojoExecutor.doExecute (MojoExecutor.java:316)
    at org.apache.maven.lifecycle.internal.MojoExecutor.execute (MojoExecutor.java:212)
    at org.apache.maven.lifecycle.internal.MojoExecutor.execute (MojoExecutor.java:174)
    at org.apache.maven.lifecycle.internal.MojoExecutor.access$000 (MojoExecutor.java:75)
    at org.apache.maven.lifecycle.internal.MojoExecutor$1.run (MojoExecutor.java:162)
    at org.apache.maven.plugin.DefaultMojosExecutionStrategy.execute (DefaultMojosExecutionStrategy.java:39)
    at org.apache.maven.lifecycle.internal.MojoExecutor.execute (MojoExecutor.java:159)
    at org.apache.maven.lifecycle.internal.LifecycleModuleBuilder.buildProject (LifecycleModuleBuilder.java:105)
    at org.apache.maven.lifecycle.internal.LifecycleModuleBuilder.buildProject (LifecycleModuleBuilder.java:73)
    at org.apache.maven.lifecycle.internal.builder.singlethreaded.SingleThreadedBuilder.build (SingleThreadedBuilder.java:53)
    at org.apache.maven.lifecycle.internal.LifecycleStarter.execute (LifecycleStarter.java:118)
    at org.apache.maven.DefaultMaven.doExecute (DefaultMaven.java:261)
    at org.apache.maven.DefaultMaven.doExecute (DefaultMaven.java:173)
    at org.apache.maven.DefaultMaven.execute (DefaultMaven.java:101)
    at org.apache.maven.cli.MavenCli.execute (MavenCli.java:919)
    at org.apache.maven.cli.MavenCli.doMain (MavenCli.java:285)
    at org.apache.maven.cli.MavenCli.main (MavenCli.java:207)
    at jdk.internal.reflect.DirectMethodHandleAccessor.invoke (DirectMethodHandleAccessor.java:103)
    at java.lang.reflect.Method.invoke (Method.java:580)
    at org.codehaus.plexus.classworlds.launcher.Launcher.launchEnhanced (Launcher.java:255)
    at org.codehaus.plexus.classworlds.launcher.Launcher.launch (Launcher.java:201)
    at org.codehaus.plexus.classworlds.launcher.Launcher.mainWithExitCode (Launcher.java:361)
    at org.codehaus.plexus.classworlds.launcher.Launcher.main (Launcher.java:314)
[ERROR]
[ERROR]
[ERROR] For more information about the errors and possible solutions, please read the following articles:
[ERROR] [Help 1] http://cwiki.apache.org/confluence/display/MAVEN/MojoFailureException
[DEBUG] Shutting down adapter factory; available factories [file-lock, rwlock-local, semaphore-local, noop]; available name mappers [discriminating, file-gaecv, file-gav, file-hgaecv, file-hgav, file-static, gaecv, gav, static]
[DEBUG] Shutting down 'file-lock' factory
[DEBUG] Shutting down 'rwlock-local' factory
[DEBUG] Shutting down 'semaphore-local' factory
[DEBUG] Shutting down 'noop' factory
*** end build.log for: jackson-test/pom.xml ***

[ERROR] -------------------------------------------------
[ERROR]
[INFO] -------------------------------------------------
[INFO] Build Summary:
[INFO]   Passed: 4, Failed: 1, Errors: 0, Skipped: 0
[INFO] -------------------------------------------------
[ERROR] The following builds failed:
[ERROR] *  jackson-test/pom.xml
[INFO] -------------------------------------------------
[INFO] ------------------------------------------------------------------------
[INFO] BUILD FAILURE
[INFO] ------------------------------------------------------------------------
[INFO] Total time:  01:01 min
[INFO] Finished at: 2026-01-27T04:00:29Z
[INFO] ------------------------------------------------------------------------
[ERROR] Failed to execute goal org.apache.maven.plugins:maven-invoker-plugin:3.6.0:run (integration-test) on project protege: 1 build failed. See console output above for details. -> [Help 1]
[ERROR]
[ERROR] To see the full stack trace of the errors, re-run Maven with the -e switch.
[ERROR] Re-run Maven using the -X switch to enable full debug logging.
[ERROR]
[ERROR] For more information about the errors and possible solutions, please read the following articles:
[ERROR] [Help 1] http://cwiki.apache.org/confluence/display/MAVEN/MojoFailureException
